timestamp,gold_type,buy_price,sell_price,update_time
2025-02-20 21:25:07,Vàng miếng SJC 999.9,9000,9230,Cập nhật ngày: 20/02/2025 15:00
2025-02-20 21:25:08,Nhẫn Trơn PNJ 999.9,9040,9220,Cập nhật ngày: 20/02/2025 15:00
2025-02-20 21:25:08,Vàng Kim Bảo 999.9,9040,9220,Cập nhật ngày: 20/02/2025 15:00
2025-02-20 21:25:08,Vàng Phúc Lộc Tài 999.9,9040,9220,Cập nhật ngày: 20/02/2025 15:00
2025-02-20 21:25:08,Vàng nữ trang 999.9,8960,9210,Cập nhật ngày: 20/02/2025 15:00
2025-02-20 21:25:08,Vàng nữ trang 999,8951,9201,Cập nhật ngày: 20/02/2025 15:00
2025-02-20 21:25:08,Vàng nữ trang 9920,8896,9146,Cập nhật ngày: 20/02/2025 15:00
2025-02-20 21:25:08,Vàng nữ trang 99,8878,9128,Cập nhật ngày: 20/02/2025 15:00
2025-02-20 21:25:08,Vàng 750 (18K),6673,6923,Cập nhật ngày: 20/02/2025 15:00
2025-02-20 21:25:08,Vàng 585 (14K),5153,5403,Cập nhật ngày: 20/02/2025 15:00
2025-02-20 21:25:08,Vàng 416 (10K),3596,3846,Cập nhật ngày: 20/02/2025 15:00
2025-02-20 21:25:08,Vàng PNJ - Phượng Hoàng,9040,9220,Cập nhật ngày: 20/02/2025 15:00
2025-02-20 21:25:08,Vàng 916 (22K),8196,8446,Cập nhật ngày: 20/02/2025 15:00
2025-02-20 21:25:08,Vàng 610 (14.6K),5383,5633,Cập nhật ngày: 20/02/2025 15:00
2025-02-20 21:25:08,Vàng 650 (15.6K),5752,6002,Cập nhật ngày: 20/02/2025 15:00
2025-02-20 21:25:08,Vàng 680 (16.3K),6028,6278,Cập nhật ngày: 20/02/2025 15:00
2025-02-20 21:25:08,Vàng 375 (9K),3219,3469,Cập nhật ngày: 20/02/2025 15:00
2025-02-20 21:25:08,Vàng 333 (8K),2804,3054,Cập nhật ngày: 20/02/2025 15:00
2025-02-25 19:18:42,Vàng miếng SJC 999.9,8970,9200,Cập nhật ngày: 25/02/2025 11:22
2025-02-25 19:18:42,Nhẫn Trơn PNJ 999.9,9070,9200,Cập nhật ngày: 25/02/2025 11:22
2025-02-25 19:18:43,Vàng Kim Bảo 999.9,9070,9200,Cập nhật ngày: 25/02/2025 11:22
2025-02-25 19:18:43,Vàng Phúc Lộc Tài 999.9,9070,9200,Cập nhật ngày: 25/02/2025 11:22
2025-02-25 19:18:43,Vàng nữ trang 999.9,8940,9190,Cập nhật ngày: 25/02/2025 11:22
2025-02-25 19:18:43,Vàng nữ trang 999,8931,9181,Cập nhật ngày: 25/02/2025 11:22
2025-02-25 19:18:43,Vàng nữ trang 9920,8877,9127,Cập nhật ngày: 25/02/2025 11:22
2025-02-25 19:18:43,Vàng nữ trang 99,8858,9108,Cập nhật ngày: 25/02/2025 11:22
2025-02-25 19:18:43,Vàng 750 (18K),6658,6908,Cập nhật ngày: 25/02/2025 11:22
2025-02-25 19:18:43,Vàng 585 (14K),5141,5391,Cập nhật ngày: 25/02/2025 11:22
2025-02-25 19:18:43,Vàng 416 (10K),3588,3838,Cập nhật ngày: 25/02/2025 11:22
2025-02-25 19:18:43,Vàng PNJ - Phượng Hoàng,9070,9200,Cập nhật ngày: 25/02/2025 11:22
2025-02-25 19:18:43,Vàng 916 (22K),8178,8428,Cập nhật ngày: 25/02/2025 11:22
2025-02-25 19:18:43,Vàng 610 (14.6K),5371,5621,Cập nhật ngày: 25/02/2025 11:22
2025-02-25 19:18:43,Vàng 650 (15.6K),5739,5989,Cập nhật ngày: 25/02/2025 11:22
2025-02-25 19:18:43,Vàng 680 (16.3K),6014,6264,Cập nhật ngày: 25/02/2025 11:22
2025-02-25 19:18:43,Vàng 375 (9K),3211,3461,Cập nhật ngày: 25/02/2025 11:22
2025-02-25 19:18:43,Vàng 333 (8K),2798,3048,Cập nhật ngày: 25/02/2025 11:22
2025-02-26 11:03:24,Vàng miếng SJC 999.9,8920,9150,Cập nhật ngày: 26/02/2025 10:00
2025-02-26 11:03:24,Nhẫn Trơn PNJ 999.9,9050,9150,Cập nhật ngày: 26/02/2025 10:00
2025-02-26 11:03:24,Vàng Kim Bảo 999.9,9050,9150,Cập nhật ngày: 26/02/2025 10:00
2025-02-26 11:03:24,Vàng Phúc Lộc Tài 999.9,9050,9150,Cập nhật ngày: 26/02/2025 10:00
2025-02-26 11:03:24,Vàng nữ trang 999.9,8890,9140,Cập nhật ngày: 26/02/2025 10:00
2025-02-26 11:03:24,Vàng nữ trang 999,8881,9131,Cập nhật ngày: 26/02/2025 10:00
2025-02-26 11:03:24,Vàng nữ trang 9920,8827,9077,Cập nhật ngày: 26/02/2025 10:00
2025-02-26 11:03:24,Vàng nữ trang 99,8809,9059,Cập nhật ngày: 26/02/2025 10:00
2025-02-26 11:03:24,Vàng 750 (18K),6620,6870,Cập nhật ngày: 26/02/2025 10:00
2025-02-26 11:03:24,Vàng 585 (14K),5112,5362,Cập nhật ngày: 26/02/2025 10:00
2025-02-26 11:03:24,Vàng 416 (10K),3567,3817,Cập nhật ngày: 26/02/2025 10:00
2025-02-26 11:03:24,Vàng PNJ - Phượng Hoàng,9050,9150,Cập nhật ngày: 26/02/2025 10:00
2025-02-26 11:03:24,Vàng 916 (22K),8132,8382,Cập nhật ngày: 26/02/2025 10:00
2025-02-26 11:03:24,Vàng 610 (14.6K),5340,5590,Cập nhật ngày: 26/02/2025 10:00
2025-02-26 11:03:24,Vàng 650 (15.6K),5706,5956,Cập nhật ngày: 26/02/2025 10:00
2025-02-26 11:03:24,Vàng 680 (16.3K),5980,6230,Cập nhật ngày: 26/02/2025 10:00
2025-02-26 11:03:24,Vàng 375 (9K),3193,3443,Cập nhật ngày: 26/02/2025 10:00
2025-02-26 11:03:24,Vàng 333 (8K),2781,3031,Cập nhật ngày: 26/02/2025 10:00
2025-02-26 13:58:25,Vàng miếng SJC 999.9,8900,9130,Cập nhật ngày: 26/02/2025 13:54
2025-02-26 13:58:25,Nhẫn Trơn PNJ 999.9,9020,9130,Cập nhật ngày: 26/02/2025 13:54
2025-02-26 13:58:25,Vàng Kim Bảo 999.9,9020,9130,Cập nhật ngày: 26/02/2025 13:54
2025-02-26 13:58:25,Vàng Phúc Lộc Tài 999.9,9020,9130,Cập nhật ngày: 26/02/2025 13:54
2025-02-26 13:58:25,Vàng nữ trang 999.9,8870,9120,Cập nhật ngày: 26/02/2025 13:54
2025-02-26 13:58:25,Vàng nữ trang 999,8861,9111,Cập nhật ngày: 26/02/2025 13:54
2025-02-26 13:58:25,Vàng nữ trang 9920,8807,9057,Cập nhật ngày: 26/02/2025 13:54
2025-02-26 13:58:25,Vàng nữ trang 99,8789,9039,Cập nhật ngày: 26/02/2025 13:54
2025-02-26 13:58:25,Vàng 750 (18K),6605,6855,Cập nhật ngày: 26/02/2025 13:54
2025-02-26 13:58:25,Vàng 585 (14K),5100,5350,Cập nhật ngày: 26/02/2025 13:54
2025-02-26 13:58:25,Vàng 416 (10K),3559,3809,Cập nhật ngày: 26/02/2025 13:54
2025-02-26 13:58:26,Vàng PNJ - Phượng Hoàng,9020,9130,Cập nhật ngày: 26/02/2025 13:54
2025-02-26 13:58:26,Vàng 916 (22K),8114,8364,Cập nhật ngày: 26/02/2025 13:54
2025-02-26 13:58:26,Vàng 610 (14.6K),5328,5578,Cập nhật ngày: 26/02/2025 13:54
2025-02-26 13:58:26,Vàng 650 (15.6K),5693,5943,Cập nhật ngày: 26/02/2025 13:54
2025-02-26 13:58:26,Vàng 680 (16.3K),5967,6217,Cập nhật ngày: 26/02/2025 13:54
2025-02-26 13:58:26,Vàng 375 (9K),3185,3435,Cập nhật ngày: 26/02/2025 13:54
2025-02-26 13:58:26,Vàng 333 (8K),2775,3025,Cập nhật ngày: 26/02/2025 13:54
2025-02-27 16:08:35,Vàng miếng SJC 999.9,8890,9120,Cập nhật ngày: 27/02/2025 10:20
2025-02-27 16:08:35,Nhẫn Trơn PNJ 999.9,9030,9120,Cập nhật ngày: 27/02/2025 10:20
2025-02-27 16:08:35,Vàng Kim Bảo 999.9,9030,9120,Cập nhật ngày: 27/02/2025 10:20
2025-02-27 16:08:35,Vàng Phúc Lộc Tài 999.9,9030,9120,Cập nhật ngày: 27/02/2025 10:20
2025-02-27 16:08:35,Vàng nữ trang 999.9,8860,9110,Cập nhật ngày: 27/02/2025 10:20
2025-02-27 16:08:35,Vàng nữ trang 999,8851,9101,Cập nhật ngày: 27/02/2025 10:20
2025-02-27 16:08:35,Vàng nữ trang 9920,8797,9047,Cập nhật ngày: 27/02/2025 10:20
2025-02-27 16:08:35,Vàng nữ trang 99,8779,9029,Cập nhật ngày: 27/02/2025 10:20
2025-02-27 16:08:35,Vàng 750 (18K),6598,6848,Cập nhật ngày: 27/02/2025 10:20
2025-02-27 16:08:35,Vàng 585 (14K),5094,5344,Cập nhật ngày: 27/02/2025 10:20
2025-02-27 16:08:35,Vàng 416 (10K),3555,3805,Cập nhật ngày: 27/02/2025 10:20
2025-02-27 16:08:35,Vàng PNJ - Phượng Hoàng,9030,9120,Cập nhật ngày: 27/02/2025 10:20
2025-02-27 16:08:35,Vàng 916 (22K),8105,8355,Cập nhật ngày: 27/02/2025 10:20
2025-02-27 16:08:35,Vàng 610 (14.6K),5322,5572,Cập nhật ngày: 27/02/2025 10:20
2025-02-27 16:08:35,Vàng 650 (15.6K),5687,5937,Cập nhật ngày: 27/02/2025 10:20
2025-02-27 16:08:35,Vàng 680 (16.3K),5960,6210,Cập nhật ngày: 27/02/2025 10:20
2025-02-27 16:08:35,Vàng 375 (9K),3181,3431,Cập nhật ngày: 27/02/2025 10:20
2025-02-27 16:08:35,Vàng 333 (8K),2771,3021,Cập nhật ngày: 27/02/2025 10:20
2025-02-28 11:10:05,Vàng miếng SJC 999.9,8890,9090,Cập nhật ngày: 28/02/2025 10:25
2025-02-28 11:10:05,Nhẫn Trơn PNJ 999.9,8890,9090,Cập nhật ngày: 28/02/2025 10:25
2025-02-28 11:10:05,Vàng Kim Bảo 999.9,8890,9090,Cập nhật ngày: 28/02/2025 10:25
2025-02-28 11:10:05,Vàng Phúc Lộc Tài 999.9,8890,9090,Cập nhật ngày: 28/02/2025 10:25
2025-02-28 11:10:05,Vàng nữ trang 999.9,8830,9080,Cập nhật ngày: 28/02/2025 10:25
2025-02-28 11:10:05,Vàng nữ trang 999,8821,9071,Cập nhật ngày: 28/02/2025 10:25
2025-02-28 11:10:05,Vàng nữ trang 9920,8767,9017,Cập nhật ngày: 28/02/2025 10:25
2025-02-28 11:10:05,Vàng nữ trang 99,8749,8999,Cập nhật ngày: 28/02/2025 10:25
2025-02-28 11:10:05,Vàng 750 (18K),6575,6825,Cập nhật ngày: 28/02/2025 10:25
2025-02-28 11:10:05,Vàng 585 (14K),5077,5327,Cập nhật ngày: 28/02/2025 10:25
2025-02-28 11:10:05,Vàng 416 (10K),3542,3792,Cập nhật ngày: 28/02/2025 10:25
2025-02-28 11:10:05,Vàng PNJ - Phượng Hoàng,8890,9090,Cập nhật ngày: 28/02/2025 10:25
2025-02-28 11:10:06,Vàng 916 (22K),8077,8327,Cập nhật ngày: 28/02/2025 10:25
2025-02-28 11:10:06,Vàng 610 (14.6K),5304,5554,Cập nhật ngày: 28/02/2025 10:25
2025-02-28 11:10:06,Vàng 650 (15.6K),5667,5917,Cập nhật ngày: 28/02/2025 10:25
2025-02-28 11:10:06,Vàng 680 (16.3K),5939,6189,Cập nhật ngày: 28/02/2025 10:25
2025-02-28 11:10:06,Vàng 375 (9K),3170,3420,Cập nhật ngày: 28/02/2025 10:25
2025-02-28 11:10:06,Vàng 333 (8K),2761,3011,Cập nhật ngày: 28/02/2025 10:25
2025-02-28 16:08:04,Vàng miếng SJC 999.9,8850,9050,Cập nhật ngày: 28/02/2025 11:25
2025-02-28 16:08:04,Nhẫn Trơn PNJ 999.9,8980,9050,Cập nhật ngày: 28/02/2025 11:25
2025-02-28 16:08:04,Vàng Kim Bảo 999.9,8980,9050,Cập nhật ngày: 28/02/2025 11:25
2025-02-28 16:08:04,Vàng Phúc Lộc Tài 999.9,8980,9050,Cập nhật ngày: 28/02/2025 11:25
2025-02-28 16:08:04,Vàng nữ trang 999.9,8800,9050,Cập nhật ngày: 28/02/2025 11:25
2025-02-28 16:08:04,Vàng nữ trang 999,8791,9041,Cập nhật ngày: 28/02/2025 11:25
2025-02-28 16:08:04,Vàng nữ trang 9920,8738,8988,Cập nhật ngày: 28/02/2025 11:25
2025-02-28 16:08:04,Vàng nữ trang 99,8720,8970,Cập nhật ngày: 28/02/2025 11:25
2025-02-28 16:08:04,Vàng 750 (18K),6553,6803,Cập nhật ngày: 28/02/2025 11:25
2025-02-28 16:08:04,Vàng 585 (14K),5059,5309,Cập nhật ngày: 28/02/2025 11:25
2025-02-28 16:08:04,Vàng 416 (10K),3530,3780,Cập nhật ngày: 28/02/2025 11:25
2025-02-28 16:08:04,Vàng PNJ - Phượng Hoàng,8980,9050,Cập nhật ngày: 28/02/2025 11:25
2025-02-28 16:08:04,Vàng 916 (22K),8050,8300,Cập nhật ngày: 28/02/2025 11:25
2025-02-28 16:08:04,Vàng 610 (14.6K),5286,5536,Cập nhật ngày: 28/02/2025 11:25
2025-02-28 16:08:04,Vàng 650 (15.6K),5648,5898,Cập nhật ngày: 28/02/2025 11:25
2025-02-28 16:08:04,Vàng 680 (16.3K),5919,6169,Cập nhật ngày: 28/02/2025 11:25
2025-02-28 16:08:04,Vàng 375 (9K),3159,3409,Cập nhật ngày: 28/02/2025 11:25
2025-02-28 16:08:04,Vàng 333 (8K),2752,3002,Cập nhật ngày: 28/02/2025 11:25
2025-03-01 11:09:22,Vàng miếng SJC 999.9,8850,9050,Cập nhật ngày: 01/03/2025 08:00
2025-03-01 11:09:22,Nhẫn Trơn PNJ 999.9,8980,9050,Cập nhật ngày: 01/03/2025 08:00
2025-03-01 11:09:22,Vàng Kim Bảo 999.9,8980,9050,Cập nhật ngày: 01/03/2025 08:00
2025-03-01 11:09:22,Vàng Phúc Lộc Tài 999.9,8980,9050,Cập nhật ngày: 01/03/2025 08:00
2025-03-01 11:09:22,Vàng nữ trang 999.9,8800,9050,Cập nhật ngày: 01/03/2025 08:00
2025-03-01 11:09:22,Vàng nữ trang 999,8791,9041,Cập nhật ngày: 01/03/2025 08:00
2025-03-01 11:09:22,Vàng nữ trang 9920,8738,8988,Cập nhật ngày: 01/03/2025 08:00
2025-03-01 11:09:22,Vàng nữ trang 99,8720,8970,Cập nhật ngày: 01/03/2025 08:00
2025-03-01 11:09:23,Vàng 750 (18K),6553,6803,Cập nhật ngày: 01/03/2025 08:00
2025-03-01 11:09:23,Vàng 585 (14K),5059,5309,Cập nhật ngày: 01/03/2025 08:00
2025-03-01 11:09:23,Vàng 416 (10K),3530,3780,Cập nhật ngày: 01/03/2025 08:00
2025-03-01 11:09:23,Vàng PNJ - Phượng Hoàng,8980,9050,Cập nhật ngày: 01/03/2025 08:00
2025-03-01 11:09:23,Vàng 916 (22K),8050,8300,Cập nhật ngày: 01/03/2025 08:00
2025-03-01 11:09:23,Vàng 610 (14.6K),5286,5536,Cập nhật ngày: 01/03/2025 08:00
2025-03-01 11:09:23,Vàng 650 (15.6K),5648,5898,Cập nhật ngày: 01/03/2025 08:00
2025-03-01 11:09:23,Vàng 680 (16.3K),5919,6169,Cập nhật ngày: 01/03/2025 08:00
2025-03-01 11:09:23,Vàng 375 (9K),3159,3409,Cập nhật ngày: 01/03/2025 08:00
2025-03-01 11:09:23,Vàng 333 (8K),2752,3002,Cập nhật ngày: 01/03/2025 08:00
2025-03-01 16:07:35,Vàng miếng SJC 999.9,8850,9050,Cập nhật ngày: 01/03/2025 08:00
2025-03-01 16:07:35,Nhẫn Trơn PNJ 999.9,8980,9050,Cập nhật ngày: 01/03/2025 08:00
2025-03-01 16:07:35,Vàng Kim Bảo 999.9,8980,9050,Cập nhật ngày: 01/03/2025 08:00
2025-03-01 16:07:35,Vàng Phúc Lộc Tài 999.9,8980,9050,Cập nhật ngày: 01/03/2025 08:00
2025-03-01 16:07:35,Vàng nữ trang 999.9,8800,9050,Cập nhật ngày: 01/03/2025 08:00
2025-03-01 16:07:35,Vàng nữ trang 999,8791,9041,Cập nhật ngày: 01/03/2025 08:00
2025-03-01 16:07:35,Vàng nữ trang 9920,8738,8988,Cập nhật ngày: 01/03/2025 08:00
2025-03-01 16:07:35,Vàng nữ trang 99,8720,8970,Cập nhật ngày: 01/03/2025 08:00
2025-03-01 16:07:35,Vàng 750 (18K),6553,6803,Cập nhật ngày: 01/03/2025 08:00
2025-03-01 16:07:35,Vàng 585 (14K),5059,5309,Cập nhật ngày: 01/03/2025 08:00
2025-03-01 16:07:35,Vàng 416 (10K),3530,3780,Cập nhật ngày: 01/03/2025 08:00
2025-03-01 16:07:36,Vàng PNJ - Phượng Hoàng,8980,9050,Cập nhật ngày: 01/03/2025 08:00
2025-03-01 16:07:36,Vàng 916 (22K),8050,8300,Cập nhật ngày: 01/03/2025 08:00
2025-03-01 16:07:36,Vàng 610 (14.6K),5286,5536,Cập nhật ngày: 01/03/2025 08:00
2025-03-01 16:07:36,Vàng 650 (15.6K),5648,5898,Cập nhật ngày: 01/03/2025 08:00
2025-03-01 16:07:36,Vàng 680 (16.3K),5919,6169,Cập nhật ngày: 01/03/2025 08:00
2025-03-01 16:07:36,Vàng 375 (9K),3159,3409,Cập nhật ngày: 01/03/2025 08:00
2025-03-01 16:07:36,Vàng 333 (8K),2752,3002,Cập nhật ngày: 01/03/2025 08:00
2025-03-02 11:09:16,Vàng miếng SJC 999.9,8850,9050,Cập nhật ngày: 01/03/2025 08:00
2025-03-02 11:09:16,Nhẫn Trơn PNJ 999.9,8980,9050,Cập nhật ngày: 01/03/2025 08:00
2025-03-02 11:09:16,Vàng Kim Bảo 999.9,8980,9050,Cập nhật ngày: 01/03/2025 08:00
2025-03-02 11:09:16,Vàng Phúc Lộc Tài 999.9,8980,9050,Cập nhật ngày: 01/03/2025 08:00
2025-03-02 11:09:16,Vàng nữ trang 999.9,8800,9050,Cập nhật ngày: 01/03/2025 08:00
2025-03-02 11:09:16,Vàng nữ trang 999,8791,9041,Cập nhật ngày: 01/03/2025 08:00
2025-03-02 11:09:16,Vàng nữ trang 9920,8738,8988,Cập nhật ngày: 01/03/2025 08:00
2025-03-02 11:09:16,Vàng nữ trang 99,8720,8970,Cập nhật ngày: 01/03/2025 08:00
2025-03-02 11:09:16,Vàng 750 (18K),6553,6803,Cập nhật ngày: 01/03/2025 08:00
2025-03-02 11:09:16,Vàng 585 (14K),5059,5309,Cập nhật ngày: 01/03/2025 08:00
2025-03-02 11:09:16,Vàng 416 (10K),3530,3780,Cập nhật ngày: 01/03/2025 08:00
2025-03-02 11:09:16,Vàng PNJ - Phượng Hoàng,8980,9050,Cập nhật ngày: 01/03/2025 08:00
2025-03-02 11:09:16,Vàng 916 (22K),8050,8300,Cập nhật ngày: 01/03/2025 08:00
2025-03-02 11:09:16,Vàng 610 (14.6K),5286,5536,Cập nhật ngày: 01/03/2025 08:00
2025-03-02 11:09:16,Vàng 650 (15.6K),5648,5898,Cập nhật ngày: 01/03/2025 08:00
2025-03-02 11:09:16,Vàng 680 (16.3K),5919,6169,Cập nhật ngày: 01/03/2025 08:00
2025-03-02 11:09:16,Vàng 375 (9K),3159,3409,Cập nhật ngày: 01/03/2025 08:00
2025-03-02 11:09:16,Vàng 333 (8K),2752,3002,Cập nhật ngày: 01/03/2025 08:00
2025-03-02 16:07:12,Vàng miếng SJC 999.9,8850,9050,Cập nhật ngày: 01/03/2025 08:00
2025-03-02 16:07:12,Nhẫn Trơn PNJ 999.9,8980,9050,Cập nhật ngày: 01/03/2025 08:00
2025-03-02 16:07:12,Vàng Kim Bảo 999.9,8980,9050,Cập nhật ngày: 01/03/2025 08:00
2025-03-02 16:07:12,Vàng Phúc Lộc Tài 999.9,8980,9050,Cập nhật ngày: 01/03/2025 08:00
2025-03-02 16:07:12,Vàng nữ trang 999.9,8800,9050,Cập nhật ngày: 01/03/2025 08:00
2025-03-02 16:07:12,Vàng nữ trang 999,8791,9041,Cập nhật ngày: 01/03/2025 08:00
2025-03-02 16:07:12,Vàng nữ trang 9920,8738,8988,Cập nhật ngày: 01/03/2025 08:00
2025-03-02 16:07:12,Vàng nữ trang 99,8720,8970,Cập nhật ngày: 01/03/2025 08:00
2025-03-02 16:07:12,Vàng 750 (18K),6553,6803,Cập nhật ngày: 01/03/2025 08:00
2025-03-02 16:07:12,Vàng 585 (14K),5059,5309,Cập nhật ngày: 01/03/2025 08:00
2025-03-02 16:07:12,Vàng 416 (10K),3530,3780,Cập nhật ngày: 01/03/2025 08:00
2025-03-02 16:07:12,Vàng PNJ - Phượng Hoàng,8980,9050,Cập nhật ngày: 01/03/2025 08:00
2025-03-02 16:07:12,Vàng 916 (22K),8050,8300,Cập nhật ngày: 01/03/2025 08:00
2025-03-02 16:07:12,Vàng 610 (14.6K),5286,5536,Cập nhật ngày: 01/03/2025 08:00
2025-03-02 16:07:12,Vàng 650 (15.6K),5648,5898,Cập nhật ngày: 01/03/2025 08:00
2025-03-02 16:07:12,Vàng 680 (16.3K),5919,6169,Cập nhật ngày: 01/03/2025 08:00
2025-03-02 16:07:12,Vàng 375 (9K),3159,3409,Cập nhật ngày: 01/03/2025 08:00
2025-03-02 16:07:12,Vàng 333 (8K),2752,3002,Cập nhật ngày: 01/03/2025 08:00
2025-03-03 11:11:25,Vàng miếng SJC 999.9,8900,9100,Cập nhật ngày: 03/03/2025 08:34
2025-03-03 11:11:25,Nhẫn Trơn PNJ 999.9,9000,9100,Cập nhật ngày: 03/03/2025 08:34
2025-03-03 11:11:25,Vàng Kim Bảo 999.9,9000,9100,Cập nhật ngày: 03/03/2025 08:34
2025-03-03 11:11:25,Vàng Phúc Lộc Tài 999.9,9000,9050,Cập nhật ngày: 03/03/2025 08:34
2025-03-03 11:11:25,Vàng nữ trang 999.9,8840,9090,Cập nhật ngày: 03/03/2025 08:34
2025-03-03 11:11:25,Vàng nữ trang 999,8831,9081,Cập nhật ngày: 03/03/2025 08:34
2025-03-03 11:11:25,Vàng nữ trang 9920,8777,9027,Cập nhật ngày: 03/03/2025 08:34
2025-03-03 11:11:25,Vàng nữ trang 99,8759,9009,Cập nhật ngày: 03/03/2025 08:34
2025-03-03 11:11:25,Vàng 750 (18K),6583,6833,Cập nhật ngày: 03/03/2025 08:34
2025-03-03 11:11:25,Vàng 585 (14K),5083,5333,Cập nhật ngày: 03/03/2025 08:34
2025-03-03 11:11:25,Vàng 416 (10K),3546,3796,Cập nhật ngày: 03/03/2025 08:34
2025-03-03 11:11:25,Vàng PNJ - Phượng Hoàng,9000,9100,Cập nhật ngày: 03/03/2025 08:34
2025-03-03 11:11:25,Vàng 916 (22K),8086,8336,Cập nhật ngày: 03/03/2025 08:34
2025-03-03 11:11:25,Vàng 610 (14.6K),5310,5560,Cập nhật ngày: 03/03/2025 08:34
2025-03-03 11:11:25,Vàng 650 (15.6K),5674,5924,Cập nhật ngày: 03/03/2025 08:34
2025-03-03 11:11:25,Vàng 680 (16.3K),5946,6196,Cập nhật ngày: 03/03/2025 08:34
2025-03-03 11:11:25,Vàng 375 (9K),3174,3424,Cập nhật ngày: 03/03/2025 08:34
2025-03-03 11:11:25,Vàng 333 (8K),2765,3015,Cập nhật ngày: 03/03/2025 08:34
2025-03-03 16:09:41,Vàng miếng SJC 999.9,8900,9100,Cập nhật ngày: 03/03/2025 08:34
2025-03-03 16:09:41,Nhẫn Trơn PNJ 999.9,9000,9100,Cập nhật ngày: 03/03/2025 08:34
2025-03-03 16:09:41,Vàng Kim Bảo 999.9,9000,9100,Cập nhật ngày: 03/03/2025 08:34
2025-03-03 16:09:41,Vàng Phúc Lộc Tài 999.9,9000,9050,Cập nhật ngày: 03/03/2025 08:34
2025-03-03 16:09:41,Vàng nữ trang 999.9,8840,9090,Cập nhật ngày: 03/03/2025 08:34
2025-03-03 16:09:41,Vàng nữ trang 999,8831,9081,Cập nhật ngày: 03/03/2025 08:34
2025-03-03 16:09:41,Vàng nữ trang 9920,8777,9027,Cập nhật ngày: 03/03/2025 08:34
2025-03-03 16:09:41,Vàng nữ trang 99,8759,9009,Cập nhật ngày: 03/03/2025 08:34
2025-03-03 16:09:41,Vàng 750 (18K),6583,6833,Cập nhật ngày: 03/03/2025 08:34
2025-03-03 16:09:41,Vàng 585 (14K),5083,5333,Cập nhật ngày: 03/03/2025 08:34
2025-03-03 16:09:41,Vàng 416 (10K),3546,3796,Cập nhật ngày: 03/03/2025 08:34
2025-03-03 16:09:41,Vàng PNJ - Phượng Hoàng,9000,9100,Cập nhật ngày: 03/03/2025 08:34
2025-03-03 16:09:41,Vàng 916 (22K),8086,8336,Cập nhật ngày: 03/03/2025 08:34
2025-03-03 16:09:41,Vàng 610 (14.6K),5310,5560,Cập nhật ngày: 03/03/2025 08:34
2025-03-03 16:09:41,Vàng 650 (15.6K),5674,5924,Cập nhật ngày: 03/03/2025 08:34
2025-03-03 16:09:41,Vàng 680 (16.3K),5946,6196,Cập nhật ngày: 03/03/2025 08:34
2025-03-03 16:09:41,Vàng 375 (9K),3174,3424,Cập nhật ngày: 03/03/2025 08:34
2025-03-03 16:09:41,Vàng 333 (8K),2765,3015,Cập nhật ngày: 03/03/2025 08:34
2025-03-04 11:09:52,Vàng miếng SJC 999.9,8960,9160,Cập nhật ngày: 04/03/2025 09:29
2025-03-04 11:09:52,Nhẫn Trơn PNJ 999.9,9100,9210,Cập nhật ngày: 04/03/2025 09:29
2025-03-04 11:09:52,Vàng Kim Bảo 999.9,9100,9210,Cập nhật ngày: 04/03/2025 09:29
2025-03-04 11:09:52,Vàng Phúc Lộc Tài 999.9,9100,9210,Cập nhật ngày: 04/03/2025 09:29
2025-03-04 11:09:52,Vàng nữ trang 999.9,8950,9200,Cập nhật ngày: 04/03/2025 09:29
2025-03-04 11:09:52,Vàng nữ trang 999,8941,9191,Cập nhật ngày: 04/03/2025 09:29
2025-03-04 11:09:52,Vàng nữ trang 9920,8886,9136,Cập nhật ngày: 04/03/2025 09:29
2025-03-04 11:09:52,Vàng nữ trang 99,8868,9118,Cập nhật ngày: 04/03/2025 09:29
2025-03-04 11:09:52,Vàng 750 (18K),6665,6915,Cập nhật ngày: 04/03/2025 09:29
2025-03-04 11:09:52,Vàng 585 (14K),5147,5397,Cập nhật ngày: 04/03/2025 09:29
2025-03-04 11:09:52,Vàng 416 (10K),3592,3842,Cập nhật ngày: 04/03/2025 09:29
2025-03-04 11:09:52,Vàng PNJ - Phượng Hoàng,9100,9210,Cập nhật ngày: 04/03/2025 09:29
2025-03-04 11:09:52,Vàng 916 (22K),8187,8437,Cập nhật ngày: 04/03/2025 09:29
2025-03-04 11:09:52,Vàng 610 (14.6K),5377,5627,Cập nhật ngày: 04/03/2025 09:29
2025-03-04 11:09:52,Vàng 650 (15.6K),5745,5995,Cập nhật ngày: 04/03/2025 09:29
2025-03-04 11:09:52,Vàng 680 (16.3K),6021,6271,Cập nhật ngày: 04/03/2025 09:29
2025-03-04 11:09:52,Vàng 375 (9K),3215,3465,Cập nhật ngày: 04/03/2025 09:29
2025-03-04 11:09:52,Vàng 333 (8K),2801,3051,Cập nhật ngày: 04/03/2025 09:29
2025-03-04 16:08:28,Vàng miếng SJC 999.9,9010,9210,Cập nhật ngày: 04/03/2025 15:02
2025-03-04 16:08:28,Nhẫn Trơn PNJ 999.9,9130,9250,Cập nhật ngày: 04/03/2025 15:02
2025-03-04 16:08:28,Vàng Kim Bảo 999.9,9130,9250,Cập nhật ngày: 04/03/2025 15:02
2025-03-04 16:08:28,Vàng Phúc Lộc Tài 999.9,9130,9250,Cập nhật ngày: 04/03/2025 15:02
2025-03-04 16:08:28,Vàng nữ trang 999.9,8990,9240,Cập nhật ngày: 04/03/2025 15:02
2025-03-04 16:08:28,Vàng nữ trang 999,8981,9231,Cập nhật ngày: 04/03/2025 15:02
2025-03-04 16:08:28,Vàng nữ trang 9920,8926,9176,Cập nhật ngày: 04/03/2025 15:02
2025-03-04 16:08:28,Vàng nữ trang 99,8908,9158,Cập nhật ngày: 04/03/2025 15:02
2025-03-04 16:08:28,Vàng 750 (18K),6695,6945,Cập nhật ngày: 04/03/2025 15:02
2025-03-04 16:08:28,Vàng 585 (14K),5170,5420,Cập nhật ngày: 04/03/2025 15:02
2025-03-04 16:08:28,Vàng 416 (10K),3609,3859,Cập nhật ngày: 04/03/2025 15:02
2025-03-04 16:08:28,Vàng PNJ - Phượng Hoàng,9130,9250,Cập nhật ngày: 04/03/2025 15:02
2025-03-04 16:08:28,Vàng 916 (22K),8224,8474,Cập nhật ngày: 04/03/2025 15:02
2025-03-04 16:08:28,Vàng 610 (14.6K),5401,5651,Cập nhật ngày: 04/03/2025 15:02
2025-03-04 16:08:28,Vàng 650 (15.6K),5771,6021,Cập nhật ngày: 04/03/2025 15:02
2025-03-04 16:08:28,Vàng 680 (16.3K),6048,6298,Cập nhật ngày: 04/03/2025 15:02
2025-03-04 16:08:28,Vàng 375 (9K),3230,3480,Cập nhật ngày: 04/03/2025 15:02
2025-03-04 16:08:28,Vàng 333 (8K),2814,3064,Cập nhật ngày: 04/03/2025 15:02
2025-03-05 11:09:56,Vàng miếng SJC 999.9,9070,9270,Cập nhật ngày: 05/03/2025 09:11
2025-03-05 11:09:56,Nhẫn Trơn PNJ 999.9,9170,9290,Cập nhật ngày: 05/03/2025 09:11
2025-03-05 11:09:56,Vàng Kim Bảo 999.9,9170,9290,Cập nhật ngày: 05/03/2025 09:11
2025-03-05 11:09:56,Vàng Phúc Lộc Tài 999.9,9170,9290,Cập nhật ngày: 05/03/2025 09:11
2025-03-05 11:09:56,Vàng nữ trang 999.9,9030,9280,Cập nhật ngày: 05/03/2025 09:11
2025-03-05 11:09:56,Vàng nữ trang 999,9021,9271,Cập nhật ngày: 05/03/2025 09:11
2025-03-05 11:09:56,Vàng nữ trang 9920,8966,9216,Cập nhật ngày: 05/03/2025 09:11
2025-03-05 11:09:56,Vàng nữ trang 99,8947,9197,Cập nhật ngày: 05/03/2025 09:11
2025-03-05 11:09:56,Vàng 750 (18K),6725,6975,Cập nhật ngày: 05/03/2025 09:11
2025-03-05 11:09:56,Vàng 585 (14K),5194,5444,Cập nhật ngày: 05/03/2025 09:11
2025-03-05 11:09:56,Vàng 416 (10K),3626,3876,Cập nhật ngày: 05/03/2025 09:11
2025-03-05 11:09:56,Vàng PNJ - Phượng Hoàng,9170,9290,Cập nhật ngày: 05/03/2025 09:11
2025-03-05 11:09:56,Vàng 916 (22K),8261,8511,Cập nhật ngày: 05/03/2025 09:11
2025-03-05 11:09:56,Vàng 610 (14.6K),5426,5676,Cập nhật ngày: 05/03/2025 09:11
2025-03-05 11:09:56,Vàng 650 (15.6K),5797,6047,Cập nhật ngày: 05/03/2025 09:11
2025-03-05 11:09:56,Vàng 680 (16.3K),6075,6325,Cập nhật ngày: 05/03/2025 09:11
2025-03-05 11:09:56,Vàng 375 (9K),3245,3495,Cập nhật ngày: 05/03/2025 09:11
2025-03-05 11:09:56,Vàng 333 (8K),2827,3077,Cập nhật ngày: 05/03/2025 09:11
2025-03-05 16:08:35,Vàng miếng SJC 999.9,9070,9270,Cập nhật ngày: 05/03/2025 09:11
2025-03-05 16:08:35,Nhẫn Trơn PNJ 999.9,9170,9290,Cập nhật ngày: 05/03/2025 09:11
2025-03-05 16:08:35,Vàng Kim Bảo 999.9,9170,9290,Cập nhật ngày: 05/03/2025 09:11
2025-03-05 16:08:35,Vàng Phúc Lộc Tài 999.9,9170,9290,Cập nhật ngày: 05/03/2025 09:11
2025-03-05 16:08:35,Vàng nữ trang 999.9,9030,9280,Cập nhật ngày: 05/03/2025 09:11
2025-03-05 16:08:35,Vàng nữ trang 999,9021,9271,Cập nhật ngày: 05/03/2025 09:11
2025-03-05 16:08:35,Vàng nữ trang 9920,8966,9216,Cập nhật ngày: 05/03/2025 09:11
2025-03-05 16:08:35,Vàng nữ trang 99,8947,9197,Cập nhật ngày: 05/03/2025 09:11
2025-03-05 16:08:35,Vàng 750 (18K),6725,6975,Cập nhật ngày: 05/03/2025 09:11
2025-03-05 16:08:35,Vàng 585 (14K),5194,5444,Cập nhật ngày: 05/03/2025 09:11
2025-03-05 16:08:35,Vàng 416 (10K),3626,3876,Cập nhật ngày: 05/03/2025 09:11
2025-03-05 16:08:35,Vàng PNJ - Phượng Hoàng,9170,9290,Cập nhật ngày: 05/03/2025 09:11
2025-03-05 16:08:35,Vàng 916 (22K),8261,8511,Cập nhật ngày: 05/03/2025 09:11
2025-03-05 16:08:35,Vàng 610 (14.6K),5426,5676,Cập nhật ngày: 05/03/2025 09:11
2025-03-05 16:08:36,Vàng 650 (15.6K),5797,6047,Cập nhật ngày: 05/03/2025 09:11
2025-03-05 16:08:36,Vàng 680 (16.3K),6075,6325,Cập nhật ngày: 05/03/2025 09:11
2025-03-05 16:08:36,Vàng 375 (9K),3245,3495,Cập nhật ngày: 05/03/2025 09:11
2025-03-05 16:08:36,Vàng 333 (8K),2827,3077,Cập nhật ngày: 05/03/2025 09:11
2025-03-06 11:09:54,Vàng miếng SJC 999.9,9100,9300,Cập nhật ngày: 06/03/2025 09:19
2025-03-06 11:09:54,Nhẫn Trơn PNJ 999.9,9180,9300,Cập nhật ngày: 06/03/2025 09:19
2025-03-06 11:09:54,Vàng Kim Bảo 999.9,9180,9300,Cập nhật ngày: 06/03/2025 09:19
2025-03-06 11:09:54,Vàng Phúc Lộc Tài 999.9,9180,9300,Cập nhật ngày: 06/03/2025 09:19
2025-03-06 11:09:54,Vàng nữ trang 999.9,9040,9290,Cập nhật ngày: 06/03/2025 09:19
2025-03-06 11:09:54,Vàng nữ trang 999,9031,9281,Cập nhật ngày: 06/03/2025 09:19
2025-03-06 11:09:54,Vàng nữ trang 9920,8976,9226,Cập nhật ngày: 06/03/2025 09:19
2025-03-06 11:09:54,Vàng nữ trang 99,8957,9207,Cập nhật ngày: 06/03/2025 09:19
2025-03-06 11:09:54,Vàng 750 (18K),6733,6983,Cập nhật ngày: 06/03/2025 09:19
2025-03-06 11:09:54,Vàng 585 (14K),5200,5450,Cập nhật ngày: 06/03/2025 09:19
2025-03-06 11:09:54,Vàng 416 (10K),3630,3880,Cập nhật ngày: 06/03/2025 09:19
2025-03-06 11:09:54,Vàng PNJ - Phượng Hoàng,9180,9300,Cập nhật ngày: 06/03/2025 09:19
2025-03-06 11:09:54,Vàng 916 (22K),8270,8520,Cập nhật ngày: 06/03/2025 09:19
2025-03-06 11:09:54,Vàng 610 (14.6K),5432,5682,Cập nhật ngày: 06/03/2025 09:19
2025-03-06 11:09:54,Vàng 650 (15.6K),5804,6054,Cập nhật ngày: 06/03/2025 09:19
2025-03-06 11:09:54,Vàng 680 (16.3K),6082,6332,Cập nhật ngày: 06/03/2025 09:19
2025-03-06 11:09:54,Vàng 375 (9K),3249,3499,Cập nhật ngày: 06/03/2025 09:19
2025-03-06 11:09:54,Vàng 333 (8K),2831,3081,Cập nhật ngày: 06/03/2025 09:19
2025-03-06 16:08:35,Vàng miếng SJC 999.9,9100,9300,Cập nhật ngày: 06/03/2025 13:34
2025-03-06 16:08:35,Nhẫn Trơn PNJ 999.9,9180,9320,Cập nhật ngày: 06/03/2025 13:34
2025-03-06 16:08:35,Vàng Kim Bảo 999.9,9180,9320,Cập nhật ngày: 06/03/2025 13:34
2025-03-06 16:08:35,Vàng Phúc Lộc Tài 999.9,9180,9320,Cập nhật ngày: 06/03/2025 13:34
2025-03-06 16:08:35,Vàng nữ trang 999.9,9060,9310,Cập nhật ngày: 06/03/2025 13:34
2025-03-06 16:08:35,Vàng nữ trang 999,9051,9301,Cập nhật ngày: 06/03/2025 13:34
2025-03-06 16:08:35,Vàng nữ trang 9920,8996,9246,Cập nhật ngày: 06/03/2025 13:34
2025-03-06 16:08:35,Vàng nữ trang 99,8977,9227,Cập nhật ngày: 06/03/2025 13:34
2025-03-06 16:08:35,Vàng 750 (18K),6748,6998,Cập nhật ngày: 06/03/2025 13:34
2025-03-06 16:08:35,Vàng 585 (14K),5211,5461,Cập nhật ngày: 06/03/2025 13:34
2025-03-06 16:08:35,Vàng 416 (10K),3638,3888,Cập nhật ngày: 06/03/2025 13:34
2025-03-06 16:08:35,Vàng PNJ - Phượng Hoàng,9180,9320,Cập nhật ngày: 06/03/2025 13:34
2025-03-06 16:08:35,Vàng 916 (22K),8288,8538,Cập nhật ngày: 06/03/2025 13:34
2025-03-06 16:08:35,Vàng 610 (14.6K),5444,5694,Cập nhật ngày: 06/03/2025 13:34
2025-03-06 16:08:35,Vàng 650 (15.6K),5817,6067,Cập nhật ngày: 06/03/2025 13:34
2025-03-06 16:08:35,Vàng 680 (16.3K),6096,6346,Cập nhật ngày: 06/03/2025 13:34
2025-03-06 16:08:35,Vàng 375 (9K),3256,3506,Cập nhật ngày: 06/03/2025 13:34
2025-03-06 16:08:36,Vàng 333 (8K),2837,3087,Cập nhật ngày: 06/03/2025 13:34
2025-03-07 11:10:07,Vàng miếng SJC 999.9,9070,9270,Cập nhật ngày: 07/03/2025 08:06
2025-03-07 11:10:07,Nhẫn Trơn PNJ 999.9,9150,9290,Cập nhật ngày: 07/03/2025 08:06
2025-03-07 11:10:07,Vàng Kim Bảo 999.9,9150,9290,Cập nhật ngày: 07/03/2025 08:06
2025-03-07 11:10:07,Vàng Phúc Lộc Tài 999.9,9150,9290,Cập nhật ngày: 07/03/2025 08:06
2025-03-07 11:10:07,Vàng nữ trang 999.9,9040,9290,Cập nhật ngày: 07/03/2025 08:06
2025-03-07 11:10:07,Vàng nữ trang 999,9031,9281,Cập nhật ngày: 07/03/2025 08:06
2025-03-07 11:10:07,Vàng nữ trang 9920,8976,9226,Cập nhật ngày: 07/03/2025 08:06
2025-03-07 11:10:07,Vàng nữ trang 99,8957,9207,Cập nhật ngày: 07/03/2025 08:06
2025-03-07 11:10:07,Vàng 750 (18K),6733,6983,Cập nhật ngày: 07/03/2025 08:06
2025-03-07 11:10:07,Vàng 585 (14K),5200,5450,Cập nhật ngày: 07/03/2025 08:06
2025-03-07 11:10:07,Vàng 416 (10K),3630,3880,Cập nhật ngày: 07/03/2025 08:06
2025-03-07 11:10:07,Vàng PNJ - Phượng Hoàng,9150,9290,Cập nhật ngày: 07/03/2025 08:06
2025-03-07 11:10:07,Vàng 916 (22K),8270,8520,Cập nhật ngày: 07/03/2025 08:06
2025-03-07 11:10:07,Vàng 610 (14.6K),5432,5682,Cập nhật ngày: 07/03/2025 08:06
2025-03-07 11:10:07,Vàng 650 (15.6K),5804,6054,Cập nhật ngày: 07/03/2025 08:06
2025-03-07 11:10:07,Vàng 680 (16.3K),6082,6332,Cập nhật ngày: 07/03/2025 08:06
2025-03-07 11:10:07,Vàng 375 (9K),3249,3499,Cập nhật ngày: 07/03/2025 08:06
2025-03-07 11:10:07,Vàng 333 (8K),2831,3081,Cập nhật ngày: 07/03/2025 08:06
2025-03-07 16:08:13,Vàng miếng SJC 999.9,9090,9290,Cập nhật ngày: 07/03/2025 15:51
2025-03-07 16:08:13,Nhẫn Trơn PNJ 999.9,9170,9320,Cập nhật ngày: 07/03/2025 15:51
2025-03-07 16:08:13,Vàng Kim Bảo 999.9,9170,9320,Cập nhật ngày: 07/03/2025 15:51
2025-03-07 16:08:13,Vàng Phúc Lộc Tài 999.9,9170,9320,Cập nhật ngày: 07/03/2025 15:51
2025-03-07 16:08:13,Vàng nữ trang 999.9,9060,9310,Cập nhật ngày: 07/03/2025 15:51
2025-03-07 16:08:13,Vàng nữ trang 999,9051,9301,Cập nhật ngày: 07/03/2025 15:51
2025-03-07 16:08:13,Vàng nữ trang 9920,8996,9246,Cập nhật ngày: 07/03/2025 15:51
2025-03-07 16:08:13,Vàng nữ trang 99,8977,9227,Cập nhật ngày: 07/03/2025 15:51
2025-03-07 16:08:13,Vàng 750 (18K),6748,6998,Cập nhật ngày: 07/03/2025 15:51
2025-03-07 16:08:13,Vàng 585 (14K),5211,5461,Cập nhật ngày: 07/03/2025 15:51
2025-03-07 16:08:13,Vàng 416 (10K),3638,3888,Cập nhật ngày: 07/03/2025 15:51
2025-03-07 16:08:13,Vàng PNJ - Phượng Hoàng,9170,9320,Cập nhật ngày: 07/03/2025 15:51
2025-03-07 16:08:13,Vàng 916 (22K),8288,8538,Cập nhật ngày: 07/03/2025 15:51
2025-03-07 16:08:13,Vàng 610 (14.6K),5444,5694,Cập nhật ngày: 07/03/2025 15:51
2025-03-07 16:08:13,Vàng 650 (15.6K),5817,6067,Cập nhật ngày: 07/03/2025 15:51
2025-03-07 16:08:13,Vàng 680 (16.3K),6096,6346,Cập nhật ngày: 07/03/2025 15:51
2025-03-07 16:08:13,Vàng 375 (9K),3256,3506,Cập nhật ngày: 07/03/2025 15:51
2025-03-07 16:08:13,Vàng 333 (8K),2837,3087,Cập nhật ngày: 07/03/2025 15:51
2025-03-08 11:07:47,Vàng miếng SJC 999.9,9090,9290,Cập nhật ngày: 08/03/2025 08:50
2025-03-08 11:07:47,Nhẫn Trơn PNJ 999.9,9170,9320,Cập nhật ngày: 08/03/2025 08:50
2025-03-08 11:07:47,Vàng Kim Bảo 999.9,9170,9320,Cập nhật ngày: 08/03/2025 08:50
2025-03-08 11:07:47,Vàng Phúc Lộc Tài 999.9,9170,9320,Cập nhật ngày: 08/03/2025 08:50
2025-03-08 11:07:47,Vàng nữ trang 999.9,9060,9310,Cập nhật ngày: 08/03/2025 08:50
2025-03-08 11:07:47,Vàng nữ trang 999,9051,9301,Cập nhật ngày: 08/03/2025 08:50
2025-03-08 11:07:47,Vàng nữ trang 9920,8996,9246,Cập nhật ngày: 08/03/2025 08:50
2025-03-08 11:07:47,Vàng nữ trang 99,8977,9227,Cập nhật ngày: 08/03/2025 08:50
2025-03-08 11:07:47,Vàng 750 (18K),6748,6998,Cập nhật ngày: 08/03/2025 08:50
2025-03-08 11:07:47,Vàng 585 (14K),5211,5461,Cập nhật ngày: 08/03/2025 08:50
2025-03-08 11:07:47,Vàng 416 (10K),3638,3888,Cập nhật ngày: 08/03/2025 08:50
2025-03-08 11:07:47,Vàng PNJ - Phượng Hoàng,9170,9320,Cập nhật ngày: 08/03/2025 08:50
2025-03-08 11:07:47,Vàng 916 (22K),8288,8538,Cập nhật ngày: 08/03/2025 08:50
2025-03-08 11:07:47,Vàng 610 (14.6K),5444,5694,Cập nhật ngày: 08/03/2025 08:50
2025-03-08 11:07:47,Vàng 650 (15.6K),5817,6067,Cập nhật ngày: 08/03/2025 08:50
2025-03-08 11:07:47,Vàng 680 (16.3K),6096,6346,Cập nhật ngày: 08/03/2025 08:50
2025-03-08 11:07:47,Vàng 375 (9K),3256,3506,Cập nhật ngày: 08/03/2025 08:50
2025-03-08 11:07:47,Vàng 333 (8K),2837,3087,Cập nhật ngày: 08/03/2025 08:50
2025-03-08 16:02:12,Vàng miếng SJC 999.9,9090,9290,Cập nhật ngày: 08/03/2025 08:50
2025-03-08 16:02:12,Nhẫn Trơn PNJ 999.9,9170,9320,Cập nhật ngày: 08/03/2025 08:50
2025-03-08 16:02:12,Vàng Kim Bảo 999.9,9170,9320,Cập nhật ngày: 08/03/2025 08:50
2025-03-08 16:02:12,Vàng Phúc Lộc Tài 999.9,9170,9320,Cập nhật ngày: 08/03/2025 08:50
2025-03-08 16:02:12,Vàng nữ trang 999.9,9060,9310,Cập nhật ngày: 08/03/2025 08:50
2025-03-08 16:02:12,Vàng nữ trang 999,9051,9301,Cập nhật ngày: 08/03/2025 08:50
2025-03-08 16:02:12,Vàng nữ trang 9920,8996,9246,Cập nhật ngày: 08/03/2025 08:50
2025-03-08 16:02:12,Vàng nữ trang 99,8977,9227,Cập nhật ngày: 08/03/2025 08:50
2025-03-08 16:02:12,Vàng 750 (18K),6748,6998,Cập nhật ngày: 08/03/2025 08:50
2025-03-08 16:02:12,Vàng 585 (14K),5211,5461,Cập nhật ngày: 08/03/2025 08:50
2025-03-08 16:02:12,Vàng 416 (10K),3638,3888,Cập nhật ngày: 08/03/2025 08:50
2025-03-08 16:02:12,Vàng PNJ - Phượng Hoàng,9170,9320,Cập nhật ngày: 08/03/2025 08:50
2025-03-08 16:02:12,Vàng 916 (22K),8288,8538,Cập nhật ngày: 08/03/2025 08:50
2025-03-08 16:02:12,Vàng 610 (14.6K),5444,5694,Cập nhật ngày: 08/03/2025 08:50
2025-03-08 16:02:12,Vàng 650 (15.6K),5817,6067,Cập nhật ngày: 08/03/2025 08:50
2025-03-08 16:02:12,Vàng 680 (16.3K),6096,6346,Cập nhật ngày: 08/03/2025 08:50
2025-03-08 16:02:12,Vàng 375 (9K),3256,3506,Cập nhật ngày: 08/03/2025 08:50
2025-03-08 16:02:12,Vàng 333 (8K),2837,3087,Cập nhật ngày: 08/03/2025 08:50
2025-03-09 11:07:45,Vàng miếng SJC 999.9,9090,9290,Cập nhật ngày: 08/03/2025 08:50
2025-03-09 11:07:45,Nhẫn Trơn PNJ 999.9,9170,9320,Cập nhật ngày: 08/03/2025 08:50
2025-03-09 11:07:45,Vàng Kim Bảo 999.9,9170,9320,Cập nhật ngày: 08/03/2025 08:50
2025-03-09 11:07:45,Vàng Phúc Lộc Tài 999.9,9170,9320,Cập nhật ngày: 08/03/2025 08:50
2025-03-09 11:07:45,Vàng nữ trang 999.9,9060,9310,Cập nhật ngày: 08/03/2025 08:50
2025-03-09 11:07:45,Vàng nữ trang 999,9051,9301,Cập nhật ngày: 08/03/2025 08:50
2025-03-09 11:07:45,Vàng nữ trang 9920,8996,9246,Cập nhật ngày: 08/03/2025 08:50
2025-03-09 11:07:45,Vàng nữ trang 99,8977,9227,Cập nhật ngày: 08/03/2025 08:50
2025-03-09 11:07:45,Vàng 750 (18K),6748,6998,Cập nhật ngày: 08/03/2025 08:50
2025-03-09 11:07:45,Vàng 585 (14K),5211,5461,Cập nhật ngày: 08/03/2025 08:50
2025-03-09 11:07:45,Vàng 416 (10K),3638,3888,Cập nhật ngày: 08/03/2025 08:50
2025-03-09 11:07:45,Vàng PNJ - Phượng Hoàng,9170,9320,Cập nhật ngày: 08/03/2025 08:50
2025-03-09 11:07:45,Vàng 916 (22K),8288,8538,Cập nhật ngày: 08/03/2025 08:50
2025-03-09 11:07:45,Vàng 610 (14.6K),5444,5694,Cập nhật ngày: 08/03/2025 08:50
2025-03-09 11:07:45,Vàng 650 (15.6K),5817,6067,Cập nhật ngày: 08/03/2025 08:50
2025-03-09 11:07:45,Vàng 680 (16.3K),6096,6346,Cập nhật ngày: 08/03/2025 08:50
2025-03-09 11:07:45,Vàng 375 (9K),3256,3506,Cập nhật ngày: 08/03/2025 08:50
2025-03-09 11:07:45,Vàng 333 (8K),2837,3087,Cập nhật ngày: 08/03/2025 08:50
2025-03-09 16:01:55,Vàng miếng SJC 999.9,9090,9290,Cập nhật ngày: 08/03/2025 08:50
2025-03-09 16:01:55,Nhẫn Trơn PNJ 999.9,9170,9320,Cập nhật ngày: 08/03/2025 08:50
2025-03-09 16:01:55,Vàng Kim Bảo 999.9,9170,9320,Cập nhật ngày: 08/03/2025 08:50
2025-03-09 16:01:55,Vàng Phúc Lộc Tài 999.9,9170,9320,Cập nhật ngày: 08/03/2025 08:50
2025-03-09 16:01:55,Vàng nữ trang 999.9,9060,9310,Cập nhật ngày: 08/03/2025 08:50
2025-03-09 16:01:55,Vàng nữ trang 999,9051,9301,Cập nhật ngày: 08/03/2025 08:50
2025-03-09 16:01:55,Vàng nữ trang 9920,8996,9246,Cập nhật ngày: 08/03/2025 08:50
2025-03-09 16:01:55,Vàng nữ trang 99,8977,9227,Cập nhật ngày: 08/03/2025 08:50
2025-03-09 16:01:55,Vàng 750 (18K),6748,6998,Cập nhật ngày: 08/03/2025 08:50
2025-03-09 16:01:55,Vàng 585 (14K),5211,5461,Cập nhật ngày: 08/03/2025 08:50
2025-03-09 16:01:55,Vàng 416 (10K),3638,3888,Cập nhật ngày: 08/03/2025 08:50
2025-03-09 16:01:55,Vàng PNJ - Phượng Hoàng,9170,9320,Cập nhật ngày: 08/03/2025 08:50
2025-03-09 16:01:55,Vàng 916 (22K),8288,8538,Cập nhật ngày: 08/03/2025 08:50
2025-03-09 16:01:55,Vàng 610 (14.6K),5444,5694,Cập nhật ngày: 08/03/2025 08:50
2025-03-09 16:01:55,Vàng 650 (15.6K),5817,6067,Cập nhật ngày: 08/03/2025 08:50
2025-03-09 16:01:55,Vàng 680 (16.3K),6096,6346,Cập nhật ngày: 08/03/2025 08:50
2025-03-09 16:01:55,Vàng 375 (9K),3256,3506,Cập nhật ngày: 08/03/2025 08:50
2025-03-09 16:01:55,Vàng 333 (8K),2837,3087,Cập nhật ngày: 08/03/2025 08:50
2025-03-10 11:08:14,Vàng miếng SJC 999.9,9110,9310,Cập nhật ngày: 10/03/2025 08:29
2025-03-10 11:08:14,Nhẫn Trơn PNJ 999.9,9170,9320,Cập nhật ngày: 10/03/2025 08:29
2025-03-10 11:08:14,Vàng Kim Bảo 999.9,9170,9320,Cập nhật ngày: 10/03/2025 08:29
2025-03-10 11:08:14,Vàng Phúc Lộc Tài 999.9,9170,9320,Cập nhật ngày: 10/03/2025 08:29
2025-03-10 11:08:14,Vàng nữ trang 999.9,9060,9310,Cập nhật ngày: 10/03/2025 08:29
2025-03-10 11:08:14,Vàng nữ trang 999,9051,9301,Cập nhật ngày: 10/03/2025 08:29
2025-03-10 11:08:14,Vàng nữ trang 9920,8996,9246,Cập nhật ngày: 10/03/2025 08:29
2025-03-10 11:08:14,Vàng nữ trang 99,8977,9227,Cập nhật ngày: 10/03/2025 08:29
2025-03-10 11:08:14,Vàng 750 (18K),6748,6998,Cập nhật ngày: 10/03/2025 08:29
2025-03-10 11:08:14,Vàng 585 (14K),5211,5461,Cập nhật ngày: 10/03/2025 08:29
2025-03-10 11:08:14,Vàng 416 (10K),3638,3888,Cập nhật ngày: 10/03/2025 08:29
2025-03-10 11:08:14,Vàng PNJ - Phượng Hoàng,9170,9320,Cập nhật ngày: 10/03/2025 08:29
2025-03-10 11:08:14,Vàng 916 (22K),8288,8538,Cập nhật ngày: 10/03/2025 08:29
2025-03-10 11:08:14,Vàng 610 (14.6K),5444,5694,Cập nhật ngày: 10/03/2025 08:29
2025-03-10 11:08:14,Vàng 650 (15.6K),5817,6067,Cập nhật ngày: 10/03/2025 08:29
2025-03-10 11:08:14,Vàng 680 (16.3K),6096,6346,Cập nhật ngày: 10/03/2025 08:29
2025-03-10 11:08:14,Vàng 375 (9K),3256,3506,Cập nhật ngày: 10/03/2025 08:29
2025-03-10 11:08:14,Vàng 333 (8K),2837,3087,Cập nhật ngày: 10/03/2025 08:29
2025-03-10 16:07:55,Vàng miếng SJC 999.9,9090,9290,Cập nhật ngày: 10/03/2025 15:43
2025-03-10 16:07:55,Nhẫn Trơn PNJ 999.9,9180,9335,Cập nhật ngày: 10/03/2025 15:43
2025-03-10 16:07:55,Vàng Kim Bảo 999.9,9180,9335,Cập nhật ngày: 10/03/2025 15:43
2025-03-10 16:07:55,Vàng Phúc Lộc Tài 999.9,9180,9335,Cập nhật ngày: 10/03/2025 15:43
2025-03-10 16:07:55,Vàng nữ trang 999.9,9080,9330,Cập nhật ngày: 10/03/2025 15:43
2025-03-10 16:07:55,Vàng nữ trang 999,9071,9321,Cập nhật ngày: 10/03/2025 15:43
2025-03-10 16:07:55,Vàng nữ trang 9920,9015,9265,Cập nhật ngày: 10/03/2025 15:43
2025-03-10 16:07:55,Vàng nữ trang 99,8997,9247,Cập nhật ngày: 10/03/2025 15:43
2025-03-10 16:07:55,Vàng 750 (18K),6763,7013,Cập nhật ngày: 10/03/2025 15:43
2025-03-10 16:07:55,Vàng 585 (14K),5223,5473,Cập nhật ngày: 10/03/2025 15:43
2025-03-10 16:07:55,Vàng 416 (10K),3646,3896,Cập nhật ngày: 10/03/2025 15:43
2025-03-10 16:07:55,Vàng PNJ - Phượng Hoàng,9180,9335,Cập nhật ngày: 10/03/2025 15:43
2025-03-10 16:07:55,Vàng 916 (22K),8306,8556,Cập nhật ngày: 10/03/2025 15:43
2025-03-10 16:07:55,Vàng 610 (14.6K),5456,5706,Cập nhật ngày: 10/03/2025 15:43
2025-03-10 16:07:55,Vàng 650 (15.6K),5830,6080,Cập nhật ngày: 10/03/2025 15:43
2025-03-10 16:07:55,Vàng 680 (16.3K),6109,6359,Cập nhật ngày: 10/03/2025 15:43
2025-03-10 16:07:55,Vàng 375 (9K),3264,3514,Cập nhật ngày: 10/03/2025 15:43
2025-03-10 16:07:55,Vàng 333 (8K),2844,3094,Cập nhật ngày: 10/03/2025 15:43
2025-03-11 11:09:51,Vàng miếng SJC 999.9,9080,9280,Cập nhật ngày: 11/03/2025 09:34
2025-03-11 11:09:51,Nhẫn Trơn PNJ 999.9,9160,9320,Cập nhật ngày: 11/03/2025 09:34
2025-03-11 11:09:51,Vàng Kim Bảo 999.9,9160,9320,Cập nhật ngày: 11/03/2025 09:34
2025-03-11 11:09:52,Vàng Phúc Lộc Tài 999.9,9160,9320,Cập nhật ngày: 11/03/2025 09:34
2025-03-11 11:09:52,Vàng nữ trang 999.9,9060,9310,Cập nhật ngày: 11/03/2025 09:34
2025-03-11 11:09:52,Vàng nữ trang 999,9051,9301,Cập nhật ngày: 11/03/2025 09:34
2025-03-11 11:09:52,Vàng nữ trang 9920,8996,9246,Cập nhật ngày: 11/03/2025 09:34
2025-03-11 11:09:52,Vàng nữ trang 99,8977,9227,Cập nhật ngày: 11/03/2025 09:34
2025-03-11 11:09:52,Vàng 750 (18K),6748,6998,Cập nhật ngày: 11/03/2025 09:34
2025-03-11 11:09:52,Vàng 585 (14K),5211,5461,Cập nhật ngày: 11/03/2025 09:34
2025-03-11 11:09:52,Vàng 416 (10K),3638,3888,Cập nhật ngày: 11/03/2025 09:34
2025-03-11 11:09:52,Vàng PNJ - Phượng Hoàng,9160,9320,Cập nhật ngày: 11/03/2025 09:34
2025-03-11 11:09:52,Vàng 916 (22K),8288,8538,Cập nhật ngày: 11/03/2025 09:34
2025-03-11 11:09:52,Vàng 610 (14.6K),5444,5694,Cập nhật ngày: 11/03/2025 09:34
2025-03-11 11:09:52,Vàng 650 (15.6K),5817,6067,Cập nhật ngày: 11/03/2025 09:34
2025-03-11 11:09:52,Vàng 680 (16.3K),6096,6346,Cập nhật ngày: 11/03/2025 09:34
2025-03-11 11:09:52,Vàng 375 (9K),3256,3506,Cập nhật ngày: 11/03/2025 09:34
2025-03-11 11:09:52,Vàng 333 (8K),2837,3087,Cập nhật ngày: 11/03/2025 09:34
2025-03-11 16:08:42,Vàng miếng SJC 999.9,9080,9280,Cập nhật ngày: 11/03/2025 15:35
2025-03-11 16:08:43,Nhẫn Trơn PNJ 999.9,9190,9330,Cập nhật ngày: 11/03/2025 15:35
2025-03-11 16:08:43,Vàng Kim Bảo 999.9,9190,9330,Cập nhật ngày: 11/03/2025 15:35
2025-03-11 16:08:43,Vàng Phúc Lộc Tài 999.9,9190,9330,Cập nhật ngày: 11/03/2025 15:35
2025-03-11 16:08:43,Vàng nữ trang 999.9,9070,9320,Cập nhật ngày: 11/03/2025 15:35
2025-03-11 16:08:43,Vàng nữ trang 999,9061,9311,Cập nhật ngày: 11/03/2025 15:35
2025-03-11 16:08:43,Vàng nữ trang 9920,9005,9255,Cập nhật ngày: 11/03/2025 15:35
2025-03-11 16:08:43,Vàng nữ trang 99,8987,9237,Cập nhật ngày: 11/03/2025 15:35
2025-03-11 16:08:43,Vàng 750 (18K),6755,7005,Cập nhật ngày: 11/03/2025 15:35
2025-03-11 16:08:43,Vàng 585 (14K),5217,5467,Cập nhật ngày: 11/03/2025 15:35
2025-03-11 16:08:43,Vàng 416 (10K),3642,3892,Cập nhật ngày: 11/03/2025 15:35
2025-03-11 16:08:43,Vàng PNJ - Phượng Hoàng,9190,9330,Cập nhật ngày: 11/03/2025 15:35
2025-03-11 16:08:43,Vàng 916 (22K),8297,8547,Cập nhật ngày: 11/03/2025 15:35
2025-03-11 16:08:43,Vàng 610 (14.6K),5450,5700,Cập nhật ngày: 11/03/2025 15:35
2025-03-11 16:08:43,Vàng 650 (15.6K),5823,6073,Cập nhật ngày: 11/03/2025 15:35
2025-03-11 16:08:43,Vàng 680 (16.3K),6103,6353,Cập nhật ngày: 11/03/2025 15:35
2025-03-11 16:08:43,Vàng 375 (9K),3260,3510,Cập nhật ngày: 11/03/2025 15:35
2025-03-11 16:08:43,Vàng 333 (8K),2841,3091,Cập nhật ngày: 11/03/2025 15:35
2025-03-12 11:10:08,Vàng miếng SJC 999.9,9160,9330,Cập nhật ngày: 12/03/2025 09:06
2025-03-12 11:10:08,Nhẫn Trơn PNJ 999.9,9220,9370,Cập nhật ngày: 12/03/2025 09:06
2025-03-12 11:10:08,Vàng Kim Bảo 999.9,9220,9370,Cập nhật ngày: 12/03/2025 09:06
2025-03-12 11:10:08,Vàng Phúc Lộc Tài 999.9,9220,9370,Cập nhật ngày: 12/03/2025 09:06
2025-03-12 11:10:08,Vàng nữ trang 999.9,9110,9360,Cập nhật ngày: 12/03/2025 09:06
2025-03-12 11:10:08,Vàng nữ trang 999,9101,9351,Cập nhật ngày: 12/03/2025 09:06
2025-03-12 11:10:08,Vàng nữ trang 9920,9045,9295,Cập nhật ngày: 12/03/2025 09:06
2025-03-12 11:10:08,Vàng nữ trang 99,9026,9276,Cập nhật ngày: 12/03/2025 09:06
2025-03-12 11:10:08,Vàng 750 (18K),6785,7035,Cập nhật ngày: 12/03/2025 09:06
2025-03-12 11:10:09,Vàng 585 (14K),5241,5491,Cập nhật ngày: 12/03/2025 09:06
2025-03-12 11:10:09,Vàng 416 (10K),3659,3909,Cập nhật ngày: 12/03/2025 09:06
2025-03-12 11:10:09,Vàng PNJ - Phượng Hoàng,9220,9370,Cập nhật ngày: 12/03/2025 09:06
2025-03-12 11:10:09,Vàng 916 (22K),8334,8584,Cập nhật ngày: 12/03/2025 09:06
2025-03-12 11:10:09,Vàng 610 (14.6K),5475,5725,Cập nhật ngày: 12/03/2025 09:06
2025-03-12 11:10:09,Vàng 650 (15.6K),5849,6099,Cập nhật ngày: 12/03/2025 09:06
2025-03-12 11:10:09,Vàng 680 (16.3K),6130,6380,Cập nhật ngày: 12/03/2025 09:06
2025-03-12 11:10:09,Vàng 375 (9K),3275,3525,Cập nhật ngày: 12/03/2025 09:06
2025-03-12 11:10:09,Vàng 333 (8K),2854,3104,Cập nhật ngày: 12/03/2025 09:06
2025-03-12 16:08:25,Vàng miếng SJC 999.9,9180,9350,Cập nhật ngày: 12/03/2025 13:36
2025-03-12 16:08:25,Nhẫn Trơn PNJ 999.9,9230,9390,Cập nhật ngày: 12/03/2025 13:36
2025-03-12 16:08:25,Vàng Kim Bảo 999.9,9230,9390,Cập nhật ngày: 12/03/2025 13:36
2025-03-12 16:08:25,Vàng Phúc Lộc Tài 999.9,9230,9390,Cập nhật ngày: 12/03/2025 13:36
2025-03-12 16:08:25,Vàng nữ trang 999.9,9130,9380,Cập nhật ngày: 12/03/2025 13:36
2025-03-12 16:08:25,Vàng nữ trang 999,9121,9371,Cập nhật ngày: 12/03/2025 13:36
2025-03-12 16:08:25,Vàng nữ trang 9920,9065,9315,Cập nhật ngày: 12/03/2025 13:36
2025-03-12 16:08:25,Vàng nữ trang 99,9046,9296,Cập nhật ngày: 12/03/2025 13:36
2025-03-12 16:08:25,Vàng 750 (18K),6800,7050,Cập nhật ngày: 12/03/2025 13:36
2025-03-12 16:08:25,Vàng 585 (14K),5252,5502,Cập nhật ngày: 12/03/2025 13:36
2025-03-12 16:08:25,Vàng 416 (10K),3667,3917,Cập nhật ngày: 12/03/2025 13:36
2025-03-12 16:08:25,Vàng PNJ - Phượng Hoàng,9230,9390,Cập nhật ngày: 12/03/2025 13:36
2025-03-12 16:08:25,Vàng 916 (22K),8352,8602,Cập nhật ngày: 12/03/2025 13:36
2025-03-12 16:08:25,Vàng 610 (14.6K),5487,5737,Cập nhật ngày: 12/03/2025 13:36
2025-03-12 16:08:25,Vàng 650 (15.6K),5862,6112,Cập nhật ngày: 12/03/2025 13:36
2025-03-12 16:08:25,Vàng 680 (16.3K),6143,6393,Cập nhật ngày: 12/03/2025 13:36
2025-03-12 16:08:25,Vàng 375 (9K),3283,3533,Cập nhật ngày: 12/03/2025 13:36
2025-03-12 16:08:25,Vàng 333 (8K),2860,3110,Cập nhật ngày: 12/03/2025 13:36
2025-03-13 11:09:55,Vàng miếng SJC 999.9,9290,9440,Cập nhật ngày: 13/03/2025 10:58
2025-03-13 11:09:55,Nhẫn Trơn PNJ 999.9,9330,9480,Cập nhật ngày: 13/03/2025 10:58
2025-03-13 11:09:55,Vàng Kim Bảo 999.9,9330,9480,Cập nhật ngày: 13/03/2025 10:58
2025-03-13 11:09:55,Vàng Phúc Lộc Tài 999.9,9330,9480,Cập nhật ngày: 13/03/2025 10:58
2025-03-13 11:09:55,Vàng nữ trang 999.9,9220,9470,Cập nhật ngày: 13/03/2025 10:58
2025-03-13 11:09:55,Vàng nữ trang 999,9211,9461,Cập nhật ngày: 13/03/2025 10:58
2025-03-13 11:09:55,Vàng nữ trang 9920,9154,9404,Cập nhật ngày: 13/03/2025 10:58
2025-03-13 11:09:55,Vàng nữ trang 99,9135,9385,Cập nhật ngày: 13/03/2025 10:58
2025-03-13 11:09:55,Vàng 750 (18K),6868,7118,Cập nhật ngày: 13/03/2025 10:58
2025-03-13 11:09:55,Vàng 585 (14K),5305,5555,Cập nhật ngày: 13/03/2025 10:58
2025-03-13 11:09:55,Vàng 416 (10K),3705,3955,Cập nhật ngày: 13/03/2025 10:58
2025-03-13 11:09:55,Vàng PNJ - Phượng Hoàng,9330,9480,Cập nhật ngày: 13/03/2025 10:58
2025-03-13 11:09:55,Vàng 916 (22K),8435,8685,Cập nhật ngày: 13/03/2025 10:58
2025-03-13 11:09:55,Vàng 610 (14.6K),5542,5792,Cập nhật ngày: 13/03/2025 10:58
2025-03-13 11:09:55,Vàng 650 (15.6K),5921,6171,Cập nhật ngày: 13/03/2025 10:58
2025-03-13 11:09:55,Vàng 680 (16.3K),6205,6455,Cập nhật ngày: 13/03/2025 10:58
2025-03-13 11:09:55,Vàng 375 (9K),3316,3566,Cập nhật ngày: 13/03/2025 10:58
2025-03-13 11:09:55,Vàng 333 (8K),2890,3140,Cập nhật ngày: 13/03/2025 10:58
2025-03-13 20:29:08,Vàng miếng SJC 999.9,9290,9440,Cập nhật ngày: 13/03/2025 10:58
2025-03-13 20:29:08,Nhẫn Trơn PNJ 999.9,9330,9480,Cập nhật ngày: 13/03/2025 10:58
2025-03-13 20:29:08,Vàng Kim Bảo 999.9,9330,9480,Cập nhật ngày: 13/03/2025 10:58
2025-03-13 20:29:08,Vàng Phúc Lộc Tài 999.9,9330,9480,Cập nhật ngày: 13/03/2025 10:58
2025-03-13 20:29:08,Vàng nữ trang 999.9,9220,9470,Cập nhật ngày: 13/03/2025 10:58
2025-03-13 20:29:08,Vàng nữ trang 999,9211,9461,Cập nhật ngày: 13/03/2025 10:58
2025-03-13 20:29:08,Vàng nữ trang 9920,9154,9404,Cập nhật ngày: 13/03/2025 10:58
2025-03-13 20:29:08,Vàng nữ trang 99,9135,9385,Cập nhật ngày: 13/03/2025 10:58
2025-03-13 20:29:08,Vàng 750 (18K),6868,7118,Cập nhật ngày: 13/03/2025 10:58
2025-03-13 20:29:08,Vàng 585 (14K),5305,5555,Cập nhật ngày: 13/03/2025 10:58
2025-03-13 20:29:09,Vàng 416 (10K),3705,3955,Cập nhật ngày: 13/03/2025 10:58
2025-03-13 20:29:09,Vàng PNJ - Phượng Hoàng,9330,9480,Cập nhật ngày: 13/03/2025 10:58
2025-03-13 20:29:09,Vàng 916 (22K),8435,8685,Cập nhật ngày: 13/03/2025 10:58
2025-03-13 20:29:09,Vàng 610 (14.6K),5542,5792,Cập nhật ngày: 13/03/2025 10:58
2025-03-13 20:29:09,Vàng 650 (15.6K),5921,6171,Cập nhật ngày: 13/03/2025 10:58
2025-03-13 20:29:09,Vàng 680 (16.3K),6205,6455,Cập nhật ngày: 13/03/2025 10:58
2025-03-13 20:29:09,Vàng 375 (9K),3316,3566,Cập nhật ngày: 13/03/2025 10:58
2025-03-13 20:29:09,Vàng 333 (8K),2890,3140,Cập nhật ngày: 13/03/2025 10:58
2025-03-14 12:19:49,Vàng miếng SJC 999.9,9430,9580,Cập nhật ngày: 14/03/2025 11:24
2025-03-14 12:19:49,Nhẫn Trơn PNJ 999.9,9450,9620,Cập nhật ngày: 14/03/2025 11:24
2025-03-14 12:19:49,Vàng Kim Bảo 999.9,9450,9620,Cập nhật ngày: 14/03/2025 11:24
2025-03-14 12:19:49,Vàng Phúc Lộc Tài 999.9,9450,9620,Cập nhật ngày: 14/03/2025 11:24
2025-03-14 12:19:49,Vàng nữ trang 999.9,9360,9610,Cập nhật ngày: 14/03/2025 11:24
2025-03-14 12:19:49,Vàng nữ trang 999,9350,9600,Cập nhật ngày: 14/03/2025 11:24
2025-03-14 12:19:49,Vàng nữ trang 9920,9293,9543,Cập nhật ngày: 14/03/2025 11:24
2025-03-14 12:19:49,Vàng nữ trang 99,9274,9524,Cập nhật ngày: 14/03/2025 11:24
2025-03-14 12:19:49,Vàng 750 (18K),6973,7223,Cập nhật ngày: 14/03/2025 11:24
2025-03-14 12:19:49,Vàng 585 (14K),5387,5637,Cập nhật ngày: 14/03/2025 11:24
2025-03-14 12:19:49,Vàng 416 (10K),3763,4013,Cập nhật ngày: 14/03/2025 11:24
2025-03-14 12:19:49,Vàng PNJ - Phượng Hoàng,9450,9620,Cập nhật ngày: 14/03/2025 11:24
2025-03-14 12:19:49,Vàng 916 (22K),8563,8813,Cập nhật ngày: 14/03/2025 11:24
2025-03-14 12:19:49,Vàng 610 (14.6K),5627,5877,Cập nhật ngày: 14/03/2025 11:24
2025-03-14 12:19:49,Vàng 650 (15.6K),6012,6262,Cập nhật ngày: 14/03/2025 11:24
2025-03-14 12:19:49,Vàng 680 (16.3K),6300,6550,Cập nhật ngày: 14/03/2025 11:24
2025-03-14 12:19:49,Vàng 375 (9K),3369,3619,Cập nhật ngày: 14/03/2025 11:24
2025-03-14 12:19:49,Vàng 333 (8K),2936,3186,Cập nhật ngày: 14/03/2025 11:24
2025-03-14 16:05:46,Vàng miếng SJC 999.9,9430,9580,Cập nhật ngày: 14/03/2025 11:24
2025-03-14 16:05:46,Nhẫn Trơn PNJ 999.9,9450,9620,Cập nhật ngày: 14/03/2025 11:24
2025-03-14 16:05:46,Vàng Kim Bảo 999.9,9450,9620,Cập nhật ngày: 14/03/2025 11:24
2025-03-14 16:05:46,Vàng Phúc Lộc Tài 999.9,9450,9620,Cập nhật ngày: 14/03/2025 11:24
2025-03-14 16:05:46,Vàng nữ trang 999.9,9360,9610,Cập nhật ngày: 14/03/2025 11:24
2025-03-14 16:05:46,Vàng nữ trang 999,9350,9600,Cập nhật ngày: 14/03/2025 11:24
2025-03-14 16:05:46,Vàng nữ trang 9920,9293,9543,Cập nhật ngày: 14/03/2025 11:24
2025-03-14 16:05:46,Vàng nữ trang 99,9274,9524,Cập nhật ngày: 14/03/2025 11:24
2025-03-14 16:05:46,Vàng 750 (18K),6973,7223,Cập nhật ngày: 14/03/2025 11:24
2025-03-14 16:05:46,Vàng 585 (14K),5387,5637,Cập nhật ngày: 14/03/2025 11:24
2025-03-14 16:05:46,Vàng 416 (10K),3763,4013,Cập nhật ngày: 14/03/2025 11:24
2025-03-14 16:05:46,Vàng PNJ - Phượng Hoàng,9450,9620,Cập nhật ngày: 14/03/2025 11:24
2025-03-14 16:05:46,Vàng 916 (22K),8563,8813,Cập nhật ngày: 14/03/2025 11:24
2025-03-14 16:05:46,Vàng 610 (14.6K),5627,5877,Cập nhật ngày: 14/03/2025 11:24
2025-03-14 16:05:46,Vàng 650 (15.6K),6012,6262,Cập nhật ngày: 14/03/2025 11:24
2025-03-14 16:05:46,Vàng 680 (16.3K),6300,6550,Cập nhật ngày: 14/03/2025 11:24
2025-03-14 16:05:46,Vàng 375 (9K),3369,3619,Cập nhật ngày: 14/03/2025 11:24
2025-03-14 16:05:46,Vàng 333 (8K),2936,3186,Cập nhật ngày: 14/03/2025 11:24
2025-03-14 20:26:37,Vàng miếng SJC 999.9,9430,9580,Cập nhật ngày: 14/03/2025 11:24
2025-03-14 20:26:37,Nhẫn Trơn PNJ 999.9,9450,9620,Cập nhật ngày: 14/03/2025 11:24
2025-03-14 20:26:37,Vàng Kim Bảo 999.9,9450,9620,Cập nhật ngày: 14/03/2025 11:24
2025-03-14 20:26:37,Vàng Phúc Lộc Tài 999.9,9450,9620,Cập nhật ngày: 14/03/2025 11:24
2025-03-14 20:26:37,Vàng nữ trang 999.9,9360,9610,Cập nhật ngày: 14/03/2025 11:24
2025-03-14 20:26:37,Vàng nữ trang 999,9350,9600,Cập nhật ngày: 14/03/2025 11:24
2025-03-14 20:26:37,Vàng nữ trang 9920,9293,9543,Cập nhật ngày: 14/03/2025 11:24
2025-03-14 20:26:37,Vàng nữ trang 99,9274,9524,Cập nhật ngày: 14/03/2025 11:24
2025-03-14 20:26:37,Vàng 750 (18K),6973,7223,Cập nhật ngày: 14/03/2025 11:24
2025-03-14 20:26:37,Vàng 585 (14K),5387,5637,Cập nhật ngày: 14/03/2025 11:24
2025-03-14 20:26:37,Vàng 416 (10K),3763,4013,Cập nhật ngày: 14/03/2025 11:24
2025-03-14 20:26:37,Vàng PNJ - Phượng Hoàng,9450,9620,Cập nhật ngày: 14/03/2025 11:24
2025-03-14 20:26:37,Vàng 916 (22K),8563,8813,Cập nhật ngày: 14/03/2025 11:24
2025-03-14 20:26:37,Vàng 610 (14.6K),5627,5877,Cập nhật ngày: 14/03/2025 11:24
2025-03-14 20:26:37,Vàng 650 (15.6K),6012,6262,Cập nhật ngày: 14/03/2025 11:24
2025-03-14 20:26:37,Vàng 680 (16.3K),6300,6550,Cập nhật ngày: 14/03/2025 11:24
2025-03-14 20:26:37,Vàng 375 (9K),3369,3619,Cập nhật ngày: 14/03/2025 11:24
2025-03-14 20:26:37,Vàng 333 (8K),2936,3186,Cập nhật ngày: 14/03/2025 11:24
2025-03-15 12:19:09,Vàng miếng SJC 999.9,9430,9580,Cập nhật ngày: 15/03/2025 08:00
2025-03-15 12:19:09,Nhẫn Trơn PNJ 999.9,9450,9620,Cập nhật ngày: 15/03/2025 08:00
2025-03-15 12:19:09,Vàng Kim Bảo 999.9,9450,9620,Cập nhật ngày: 15/03/2025 08:00
2025-03-15 12:19:09,Vàng Phúc Lộc Tài 999.9,9450,9620,Cập nhật ngày: 15/03/2025 08:00
2025-03-15 12:19:09,Vàng nữ trang 999.9,9360,9610,Cập nhật ngày: 15/03/2025 08:00
2025-03-15 12:19:09,Vàng nữ trang 999,9350,9600,Cập nhật ngày: 15/03/2025 08:00
2025-03-15 12:19:09,Vàng nữ trang 9920,9293,9543,Cập nhật ngày: 15/03/2025 08:00
2025-03-15 12:19:09,Vàng nữ trang 99,9274,9524,Cập nhật ngày: 15/03/2025 08:00
2025-03-15 12:19:09,Vàng 750 (18K),6973,7223,Cập nhật ngày: 15/03/2025 08:00
2025-03-15 12:19:09,Vàng 585 (14K),5387,5637,Cập nhật ngày: 15/03/2025 08:00
2025-03-15 12:19:09,Vàng 416 (10K),3763,4013,Cập nhật ngày: 15/03/2025 08:00
2025-03-15 12:19:09,Vàng PNJ - Phượng Hoàng,9450,9620,Cập nhật ngày: 15/03/2025 08:00
2025-03-15 12:19:09,Vàng 916 (22K),8563,8813,Cập nhật ngày: 15/03/2025 08:00
2025-03-15 12:19:09,Vàng 610 (14.6K),5627,5877,Cập nhật ngày: 15/03/2025 08:00
2025-03-15 12:19:09,Vàng 650 (15.6K),6012,6262,Cập nhật ngày: 15/03/2025 08:00
2025-03-15 12:19:09,Vàng 680 (16.3K),6300,6550,Cập nhật ngày: 15/03/2025 08:00
2025-03-15 12:19:09,Vàng 375 (9K),3369,3619,Cập nhật ngày: 15/03/2025 08:00
2025-03-15 12:19:09,Vàng 333 (8K),2936,3186,Cập nhật ngày: 15/03/2025 08:00
2025-03-15 20:23:02,Vàng miếng SJC 999.9,9430,9580,Cập nhật ngày: 15/03/2025 08:00
2025-03-15 20:23:02,Nhẫn Trơn PNJ 999.9,9450,9620,Cập nhật ngày: 15/03/2025 08:00
2025-03-15 20:23:02,Vàng Kim Bảo 999.9,9450,9620,Cập nhật ngày: 15/03/2025 08:00
2025-03-15 20:23:02,Vàng Phúc Lộc Tài 999.9,9450,9620,Cập nhật ngày: 15/03/2025 08:00
2025-03-15 20:23:02,Vàng nữ trang 999.9,9360,9610,Cập nhật ngày: 15/03/2025 08:00
2025-03-15 20:23:02,Vàng nữ trang 999,9350,9600,Cập nhật ngày: 15/03/2025 08:00
2025-03-15 20:23:02,Vàng nữ trang 9920,9293,9543,Cập nhật ngày: 15/03/2025 08:00
2025-03-15 20:23:02,Vàng nữ trang 99,9274,9524,Cập nhật ngày: 15/03/2025 08:00
2025-03-15 20:23:02,Vàng 750 (18K),6973,7223,Cập nhật ngày: 15/03/2025 08:00
2025-03-15 20:23:02,Vàng 585 (14K),5387,5637,Cập nhật ngày: 15/03/2025 08:00
2025-03-15 20:23:02,Vàng 416 (10K),3763,4013,Cập nhật ngày: 15/03/2025 08:00
2025-03-15 20:23:02,Vàng PNJ - Phượng Hoàng,9450,9620,Cập nhật ngày: 15/03/2025 08:00
2025-03-15 20:23:02,Vàng 916 (22K),8563,8813,Cập nhật ngày: 15/03/2025 08:00
2025-03-15 20:23:02,Vàng 610 (14.6K),5627,5877,Cập nhật ngày: 15/03/2025 08:00
2025-03-15 20:23:02,Vàng 650 (15.6K),6012,6262,Cập nhật ngày: 15/03/2025 08:00
2025-03-15 20:23:02,Vàng 680 (16.3K),6300,6550,Cập nhật ngày: 15/03/2025 08:00
2025-03-15 20:23:02,Vàng 375 (9K),3369,3619,Cập nhật ngày: 15/03/2025 08:00
2025-03-15 20:23:02,Vàng 333 (8K),2936,3186,Cập nhật ngày: 15/03/2025 08:00
2025-03-16 12:18:46,Vàng miếng SJC 999.9,9430,9580,Cập nhật ngày: 15/03/2025 08:00
2025-03-16 12:18:46,Nhẫn Trơn PNJ 999.9,9450,9620,Cập nhật ngày: 15/03/2025 08:00
2025-03-16 12:18:46,Vàng Kim Bảo 999.9,9450,9620,Cập nhật ngày: 15/03/2025 08:00
2025-03-16 12:18:46,Vàng Phúc Lộc Tài 999.9,9450,9620,Cập nhật ngày: 15/03/2025 08:00
2025-03-16 12:18:46,Vàng nữ trang 999.9,9360,9610,Cập nhật ngày: 15/03/2025 08:00
2025-03-16 12:18:46,Vàng nữ trang 999,9350,9600,Cập nhật ngày: 15/03/2025 08:00
2025-03-16 12:18:46,Vàng nữ trang 9920,9293,9543,Cập nhật ngày: 15/03/2025 08:00
2025-03-16 12:18:46,Vàng nữ trang 99,9274,9524,Cập nhật ngày: 15/03/2025 08:00
2025-03-16 12:18:46,Vàng 750 (18K),6973,7223,Cập nhật ngày: 15/03/2025 08:00
2025-03-16 12:18:46,Vàng 585 (14K),5387,5637,Cập nhật ngày: 15/03/2025 08:00
2025-03-16 12:18:46,Vàng 416 (10K),3763,4013,Cập nhật ngày: 15/03/2025 08:00
2025-03-16 12:18:46,Vàng PNJ - Phượng Hoàng,9450,9620,Cập nhật ngày: 15/03/2025 08:00
2025-03-16 12:18:46,Vàng 916 (22K),8563,8813,Cập nhật ngày: 15/03/2025 08:00
2025-03-16 12:18:46,Vàng 610 (14.6K),5627,5877,Cập nhật ngày: 15/03/2025 08:00
2025-03-16 12:18:46,Vàng 650 (15.6K),6012,6262,Cập nhật ngày: 15/03/2025 08:00
2025-03-16 12:18:46,Vàng 680 (16.3K),6300,6550,Cập nhật ngày: 15/03/2025 08:00
2025-03-16 12:18:46,Vàng 375 (9K),3369,3619,Cập nhật ngày: 15/03/2025 08:00
2025-03-16 12:18:46,Vàng 333 (8K),2936,3186,Cập nhật ngày: 15/03/2025 08:00
2025-03-16 20:24:04,Vàng miếng SJC 999.9,9430,9580,Cập nhật ngày: 15/03/2025 08:00
2025-03-16 20:24:04,Nhẫn Trơn PNJ 999.9,9450,9620,Cập nhật ngày: 15/03/2025 08:00
2025-03-16 20:24:04,Vàng Kim Bảo 999.9,9450,9620,Cập nhật ngày: 15/03/2025 08:00
2025-03-16 20:24:04,Vàng Phúc Lộc Tài 999.9,9450,9620,Cập nhật ngày: 15/03/2025 08:00
2025-03-16 20:24:04,Vàng nữ trang 999.9,9360,9610,Cập nhật ngày: 15/03/2025 08:00
2025-03-16 20:24:04,Vàng nữ trang 999,9350,9600,Cập nhật ngày: 15/03/2025 08:00
2025-03-16 20:24:04,Vàng nữ trang 9920,9293,9543,Cập nhật ngày: 15/03/2025 08:00
2025-03-16 20:24:04,Vàng nữ trang 99,9274,9524,Cập nhật ngày: 15/03/2025 08:00
2025-03-16 20:24:04,Vàng 750 (18K),6973,7223,Cập nhật ngày: 15/03/2025 08:00
2025-03-16 20:24:04,Vàng 585 (14K),5387,5637,Cập nhật ngày: 15/03/2025 08:00
2025-03-16 20:24:04,Vàng 416 (10K),3763,4013,Cập nhật ngày: 15/03/2025 08:00
2025-03-16 20:24:04,Vàng PNJ - Phượng Hoàng,9450,9620,Cập nhật ngày: 15/03/2025 08:00
2025-03-16 20:24:04,Vàng 916 (22K),8563,8813,Cập nhật ngày: 15/03/2025 08:00
2025-03-16 20:24:04,Vàng 610 (14.6K),5627,5877,Cập nhật ngày: 15/03/2025 08:00
2025-03-16 20:24:04,Vàng 650 (15.6K),6012,6262,Cập nhật ngày: 15/03/2025 08:00
2025-03-16 20:24:04,Vàng 680 (16.3K),6300,6550,Cập nhật ngày: 15/03/2025 08:00
2025-03-16 20:24:04,Vàng 375 (9K),3369,3619,Cập nhật ngày: 15/03/2025 08:00
2025-03-16 20:24:04,Vàng 333 (8K),2936,3186,Cập nhật ngày: 15/03/2025 08:00
2025-03-17 12:20:53,Vàng miếng SJC 999.9,9480,9610,Cập nhật ngày: 17/03/2025 08:42
2025-03-17 12:20:53,Nhẫn Trơn PNJ 999.9,9490,9650,Cập nhật ngày: 17/03/2025 08:42
2025-03-17 12:20:53,Vàng Kim Bảo 999.9,9490,9650,Cập nhật ngày: 17/03/2025 08:42
2025-03-17 12:20:53,Vàng Phúc Lộc Tài 999.9,9490,9650,Cập nhật ngày: 17/03/2025 08:42
2025-03-17 12:20:53,Vàng nữ trang 999.9,9390,9640,Cập nhật ngày: 17/03/2025 08:42
2025-03-17 12:20:53,Vàng nữ trang 999,9380,9630,Cập nhật ngày: 17/03/2025 08:42
2025-03-17 12:20:53,Vàng nữ trang 9920,9323,9573,Cập nhật ngày: 17/03/2025 08:42
2025-03-17 12:20:53,Vàng nữ trang 99,9304,9554,Cập nhật ngày: 17/03/2025 08:42
2025-03-17 12:20:53,Vàng 750 (18K),6995,7245,Cập nhật ngày: 17/03/2025 08:42
2025-03-17 12:20:53,Vàng 585 (14K),5404,5654,Cập nhật ngày: 17/03/2025 08:42
2025-03-17 12:20:53,Vàng 416 (10K),3775,4025,Cập nhật ngày: 17/03/2025 08:42
2025-03-17 12:20:53,Vàng PNJ - Phượng Hoàng,9490,9650,Cập nhật ngày: 17/03/2025 08:42
2025-03-17 12:20:53,Vàng 916 (22K),8590,8840,Cập nhật ngày: 17/03/2025 08:42
2025-03-17 12:20:53,Vàng 610 (14.6K),5645,5895,Cập nhật ngày: 17/03/2025 08:42
2025-03-17 12:20:53,Vàng 650 (15.6K),6031,6281,Cập nhật ngày: 17/03/2025 08:42
2025-03-17 12:20:53,Vàng 680 (16.3K),6320,6570,Cập nhật ngày: 17/03/2025 08:42
2025-03-17 12:20:53,Vàng 375 (9K),3380,3630,Cập nhật ngày: 17/03/2025 08:42
2025-03-17 12:20:53,Vàng 333 (8K),2946,3196,Cập nhật ngày: 17/03/2025 08:42
2025-03-17 20:30:25,Vàng miếng SJC 999.9,9480,9610,Cập nhật ngày: 17/03/2025 08:42
2025-03-17 20:30:25,Nhẫn Trơn PNJ 999.9,9490,9650,Cập nhật ngày: 17/03/2025 08:42
2025-03-17 20:30:25,Vàng Kim Bảo 999.9,9490,9650,Cập nhật ngày: 17/03/2025 08:42
2025-03-17 20:30:25,Vàng Phúc Lộc Tài 999.9,9490,9650,Cập nhật ngày: 17/03/2025 08:42
2025-03-17 20:30:25,Vàng nữ trang 999.9,9390,9640,Cập nhật ngày: 17/03/2025 08:42
2025-03-17 20:30:25,Vàng nữ trang 999,9380,9630,Cập nhật ngày: 17/03/2025 08:42
2025-03-17 20:30:25,Vàng nữ trang 9920,9323,9573,Cập nhật ngày: 17/03/2025 08:42
2025-03-17 20:30:25,Vàng nữ trang 99,9304,9554,Cập nhật ngày: 17/03/2025 08:42
2025-03-17 20:30:25,Vàng 750 (18K),6995,7245,Cập nhật ngày: 17/03/2025 08:42
2025-03-17 20:30:25,Vàng 585 (14K),5404,5654,Cập nhật ngày: 17/03/2025 08:42
2025-03-17 20:30:25,Vàng 416 (10K),3775,4025,Cập nhật ngày: 17/03/2025 08:42
2025-03-17 20:30:25,Vàng PNJ - Phượng Hoàng,9490,9650,Cập nhật ngày: 17/03/2025 08:42
2025-03-17 20:30:25,Vàng 916 (22K),8590,8840,Cập nhật ngày: 17/03/2025 08:42
2025-03-17 20:30:25,Vàng 610 (14.6K),5645,5895,Cập nhật ngày: 17/03/2025 08:42
2025-03-17 20:30:25,Vàng 650 (15.6K),6031,6281,Cập nhật ngày: 17/03/2025 08:42
2025-03-17 20:30:25,Vàng 680 (16.3K),6320,6570,Cập nhật ngày: 17/03/2025 08:42
2025-03-17 20:30:25,Vàng 375 (9K),3380,3630,Cập nhật ngày: 17/03/2025 08:42
2025-03-17 20:30:25,Vàng 333 (8K),2946,3196,Cập nhật ngày: 17/03/2025 08:42
2025-03-18 12:20:41,Vàng miếng SJC 999.9,9570,9720,Cập nhật ngày: 18/03/2025 10:57
2025-03-18 12:20:41,Nhẫn Trơn PNJ 999.9,9600,9760,Cập nhật ngày: 18/03/2025 10:57
2025-03-18 12:20:41,Vàng Kim Bảo 999.9,9600,9760,Cập nhật ngày: 18/03/2025 10:57
2025-03-18 12:20:42,Vàng Phúc Lộc Tài 999.9,9600,9760,Cập nhật ngày: 18/03/2025 10:57
2025-03-18 12:20:42,Vàng nữ trang 999.9,9500,9750,Cập nhật ngày: 18/03/2025 10:57
2025-03-18 12:20:42,Vàng nữ trang 999,9490,9740,Cập nhật ngày: 18/03/2025 10:57
2025-03-18 12:20:42,Vàng nữ trang 9920,9432,9682,Cập nhật ngày: 18/03/2025 10:57
2025-03-18 12:20:42,Vàng nữ trang 99,9413,9663,Cập nhật ngày: 18/03/2025 10:57
2025-03-18 12:20:42,Vàng 750 (18K),7078,7328,Cập nhật ngày: 18/03/2025 10:57
2025-03-18 12:20:42,Vàng 585 (14K),5469,5719,Cập nhật ngày: 18/03/2025 10:57
2025-03-18 12:20:42,Vàng 416 (10K),3821,4071,Cập nhật ngày: 18/03/2025 10:57
2025-03-18 12:20:42,Vàng PNJ - Phượng Hoàng,9600,9760,Cập nhật ngày: 18/03/2025 10:57
2025-03-18 12:20:42,Vàng 916 (22K),8691,8941,Cập nhật ngày: 18/03/2025 10:57
2025-03-18 12:20:42,Vàng 610 (14.6K),5713,5963,Cập nhật ngày: 18/03/2025 10:57
2025-03-18 12:20:42,Vàng 650 (15.6K),6103,6353,Cập nhật ngày: 18/03/2025 10:57
2025-03-18 12:20:42,Vàng 680 (16.3K),6395,6645,Cập nhật ngày: 18/03/2025 10:57
2025-03-18 12:20:42,Vàng 375 (9K),3421,3671,Cập nhật ngày: 18/03/2025 10:57
2025-03-18 12:20:42,Vàng 333 (8K),2983,3233,Cập nhật ngày: 18/03/2025 10:57
2025-03-18 20:29:33,Vàng miếng SJC 999.9,9670,9820,Cập nhật ngày: 18/03/2025 15:35
2025-03-18 20:29:33,Nhẫn Trơn PNJ 999.9,9690,9850,Cập nhật ngày: 18/03/2025 15:35
2025-03-18 20:29:33,Vàng Kim Bảo 999.9,9690,9850,Cập nhật ngày: 18/03/2025 15:35
2025-03-18 20:29:33,Vàng Phúc Lộc Tài 999.9,9690,9850,Cập nhật ngày: 18/03/2025 15:35
2025-03-18 20:29:33,Vàng nữ trang 999.9,9600,9850,Cập nhật ngày: 18/03/2025 15:35
2025-03-18 20:29:33,Vàng nữ trang 999,9590,9840,Cập nhật ngày: 18/03/2025 15:35
2025-03-18 20:29:33,Vàng nữ trang 9920,9531,9781,Cập nhật ngày: 18/03/2025 15:35
2025-03-18 20:29:33,Vàng nữ trang 99,9512,9762,Cập nhật ngày: 18/03/2025 15:35
2025-03-18 20:29:33,Vàng 750 (18K),7153,7403,Cập nhật ngày: 18/03/2025 15:35
2025-03-18 20:29:33,Vàng 585 (14K),5527,5777,Cập nhật ngày: 18/03/2025 15:35
2025-03-18 20:29:33,Vàng 416 (10K),3863,4113,Cập nhật ngày: 18/03/2025 15:35
2025-03-18 20:29:34,Vàng PNJ - Phượng Hoàng,9690,9850,Cập nhật ngày: 18/03/2025 15:35
2025-03-18 20:29:34,Vàng 916 (22K),8783,9033,Cập nhật ngày: 18/03/2025 15:35
2025-03-18 20:29:34,Vàng 610 (14.6K),5774,6024,Cập nhật ngày: 18/03/2025 15:35
2025-03-18 20:29:34,Vàng 650 (15.6K),6168,6418,Cập nhật ngày: 18/03/2025 15:35
2025-03-18 20:29:34,Vàng 680 (16.3K),6463,6713,Cập nhật ngày: 18/03/2025 15:35
2025-03-18 20:29:34,Vàng 375 (9K),3459,3709,Cập nhật ngày: 18/03/2025 15:35
2025-03-18 20:29:34,Vàng 333 (8K),3016,3266,Cập nhật ngày: 18/03/2025 15:35
2025-03-19 12:20:42,Vàng miếng SJC 999.9,9790,9940,Cập nhật ngày: 19/03/2025 10:48
2025-03-19 12:20:42,Nhẫn Trơn PNJ 999.9,9790,9960,Cập nhật ngày: 19/03/2025 10:48
2025-03-19 12:20:42,Vàng Kim Bảo 999.9,9790,9960,Cập nhật ngày: 19/03/2025 10:48
2025-03-19 12:20:42,Vàng Phúc Lộc Tài 999.9,9790,9960,Cập nhật ngày: 19/03/2025 10:48
2025-03-19 12:20:42,Vàng nữ trang 999.9,9710,9960,Cập nhật ngày: 19/03/2025 10:48
2025-03-19 12:20:42,Vàng nữ trang 999,9700,9950,Cập nhật ngày: 19/03/2025 10:48
2025-03-19 12:20:42,Vàng nữ trang 9920,9640,9890,Cập nhật ngày: 19/03/2025 10:48
2025-03-19 12:20:42,Vàng nữ trang 99,9620,9870,Cập nhật ngày: 19/03/2025 10:48
2025-03-19 12:20:42,Vàng 750 (18K),7235,7485,Cập nhật ngày: 19/03/2025 10:48
2025-03-19 12:20:42,Vàng 585 (14K),5592,5842,Cập nhật ngày: 19/03/2025 10:48
2025-03-19 12:20:42,Vàng 416 (10K),3908,4158,Cập nhật ngày: 19/03/2025 10:48
2025-03-19 12:20:42,Vàng PNJ - Phượng Hoàng,9790,9960,Cập nhật ngày: 19/03/2025 10:48
2025-03-19 12:20:42,Vàng 916 (22K),8883,9133,Cập nhật ngày: 19/03/2025 10:48
2025-03-19 12:20:42,Vàng 610 (14.6K),5841,6091,Cập nhật ngày: 19/03/2025 10:48
2025-03-19 12:20:42,Vàng 650 (15.6K),6239,6489,Cập nhật ngày: 19/03/2025 10:48
2025-03-19 12:20:42,Vàng 680 (16.3K),6538,6788,Cập nhật ngày: 19/03/2025 10:48
2025-03-19 12:20:42,Vàng 375 (9K),3500,3750,Cập nhật ngày: 19/03/2025 10:48
2025-03-19 12:20:42,Vàng 333 (8K),3052,3302,Cập nhật ngày: 19/03/2025 10:48
2025-03-19 20:30:03,Vàng miếng SJC 999.9,9800,9950,Cập nhật ngày: 19/03/2025 16:46
2025-03-19 20:30:03,Nhẫn Trơn PNJ 999.9,9810,9990,Cập nhật ngày: 19/03/2025 16:46
2025-03-19 20:30:03,Vàng Kim Bảo 999.9,9810,9990,Cập nhật ngày: 19/03/2025 16:46
2025-03-19 20:30:03,Vàng Phúc Lộc Tài 999.9,9810,9990,Cập nhật ngày: 19/03/2025 16:46
2025-03-19 20:30:03,Vàng nữ trang 999.9,9740,9990,Cập nhật ngày: 19/03/2025 16:46
2025-03-19 20:30:03,Vàng nữ trang 999,9730,9980,Cập nhật ngày: 19/03/2025 16:46
2025-03-19 20:30:03,Vàng nữ trang 9920,9670,9920,Cập nhật ngày: 19/03/2025 16:46
2025-03-19 20:30:03,Vàng nữ trang 99,9650,9900,Cập nhật ngày: 19/03/2025 16:46
2025-03-19 20:30:03,Vàng 750 (18K),7258,7508,Cập nhật ngày: 19/03/2025 16:46
2025-03-19 20:30:03,Vàng 585 (14K),5609,5859,Cập nhật ngày: 19/03/2025 16:46
2025-03-19 20:30:03,Vàng 416 (10K),3921,4171,Cập nhật ngày: 19/03/2025 16:46
2025-03-19 20:30:03,Vàng PNJ - Phượng Hoàng,9810,9990,Cập nhật ngày: 19/03/2025 16:46
2025-03-19 20:30:03,Vàng 916 (22K),8911,9161,Cập nhật ngày: 19/03/2025 16:46
2025-03-19 20:30:03,Vàng 610 (14.6K),5859,6109,Cập nhật ngày: 19/03/2025 16:46
2025-03-19 20:30:03,Vàng 650 (15.6K),6259,6509,Cập nhật ngày: 19/03/2025 16:46
2025-03-19 20:30:03,Vàng 680 (16.3K),6558,6808,Cập nhật ngày: 19/03/2025 16:46
2025-03-19 20:30:03,Vàng 375 (9K),3511,3761,Cập nhật ngày: 19/03/2025 16:46
2025-03-19 20:30:03,Vàng 333 (8K),3062,3312,Cập nhật ngày: 19/03/2025 16:46
2025-03-20 12:20:32,Vàng miếng SJC 999.9,9860,10040,Cập nhật ngày: 20/03/2025 09:22
2025-03-20 12:20:32,Nhẫn Trơn PNJ 999.9,9870,10070,Cập nhật ngày: 20/03/2025 09:22
2025-03-20 12:20:32,Vàng Kim Bảo 999.9,9870,10070,Cập nhật ngày: 20/03/2025 09:22
2025-03-20 12:20:32,Vàng Phúc Lộc Tài 999.9,9870,10070,Cập nhật ngày: 20/03/2025 09:22
2025-03-20 12:20:32,Vàng nữ trang 999.9,9810,10060,Cập nhật ngày: 20/03/2025 09:22
2025-03-20 12:20:32,Vàng nữ trang 999,9800,10050,Cập nhật ngày: 20/03/2025 09:22
2025-03-20 12:20:32,Vàng nữ trang 9920,9740,9990,Cập nhật ngày: 20/03/2025 09:22
2025-03-20 12:20:32,Vàng nữ trang 99,9719,9969,Cập nhật ngày: 20/03/2025 09:22
2025-03-20 12:20:32,Vàng 750 (18K),7310,7560,Cập nhật ngày: 20/03/2025 09:22
2025-03-20 12:20:32,Vàng 585 (14K),5650,5900,Cập nhật ngày: 20/03/2025 09:22
2025-03-20 12:20:32,Vàng 416 (10K),3950,4200,Cập nhật ngày: 20/03/2025 09:22
2025-03-20 12:20:32,Vàng PNJ - Phượng Hoàng,9870,10070,Cập nhật ngày: 20/03/2025 09:22
2025-03-20 12:20:32,Vàng 916 (22K),8975,9225,Cập nhật ngày: 20/03/2025 09:22
2025-03-20 12:20:32,Vàng 610 (14.6K),5902,6152,Cập nhật ngày: 20/03/2025 09:22
2025-03-20 12:20:32,Vàng 650 (15.6K),6304,6554,Cập nhật ngày: 20/03/2025 09:22
2025-03-20 12:20:32,Vàng 680 (16.3K),6606,6856,Cập nhật ngày: 20/03/2025 09:22
2025-03-20 12:20:32,Vàng 375 (9K),3538,3788,Cập nhật ngày: 20/03/2025 09:22
2025-03-20 12:20:32,Vàng 333 (8K),3085,3335,Cập nhật ngày: 20/03/2025 09:22
2025-03-20 20:28:14,Vàng miếng SJC 999.9,9780,9980,Cập nhật ngày: 20/03/2025 14:29
2025-03-20 20:28:14,Nhẫn Trơn PNJ 999.9,9810,9990,Cập nhật ngày: 20/03/2025 14:29
2025-03-20 20:28:14,Vàng Kim Bảo 999.9,9810,9990,Cập nhật ngày: 20/03/2025 14:29
2025-03-20 20:28:14,Vàng Phúc Lộc Tài 999.9,9810,9990,Cập nhật ngày: 20/03/2025 14:29
2025-03-20 20:28:14,Vàng nữ trang 999.9,9740,9990,Cập nhật ngày: 20/03/2025 14:29
2025-03-20 20:28:14,Vàng nữ trang 999,9730,9980,Cập nhật ngày: 20/03/2025 14:29
2025-03-20 20:28:14,Vàng nữ trang 9920,9670,9920,Cập nhật ngày: 20/03/2025 14:29
2025-03-20 20:28:14,Vàng nữ trang 99,9650,9900,Cập nhật ngày: 20/03/2025 14:29
2025-03-20 20:28:14,Vàng 750 (18K),7258,7508,Cập nhật ngày: 20/03/2025 14:29
2025-03-20 20:28:14,Vàng 585 (14K),5609,5859,Cập nhật ngày: 20/03/2025 14:29
2025-03-20 20:28:14,Vàng 416 (10K),3921,4171,Cập nhật ngày: 20/03/2025 14:29
2025-03-20 20:28:14,Vàng PNJ - Phượng Hoàng,9810,9990,Cập nhật ngày: 20/03/2025 14:29
2025-03-20 20:28:14,Vàng 916 (22K),8911,9161,Cập nhật ngày: 20/03/2025 14:29
2025-03-20 20:28:14,Vàng 610 (14.6K),5859,6109,Cập nhật ngày: 20/03/2025 14:29
2025-03-20 20:28:14,Vàng 650 (15.6K),6259,6509,Cập nhật ngày: 20/03/2025 14:29
2025-03-20 20:28:14,Vàng 680 (16.3K),6558,6808,Cập nhật ngày: 20/03/2025 14:29
2025-03-20 20:28:14,Vàng 375 (9K),3511,3761,Cập nhật ngày: 20/03/2025 14:29
2025-03-20 20:28:14,Vàng 333 (8K),3062,3312,Cập nhật ngày: 20/03/2025 14:29
2025-03-21 12:20:21,Vàng miếng SJC 999.9,9640,9890,Cập nhật ngày: 21/03/2025 11:27
2025-03-21 12:20:21,Nhẫn Trơn PNJ 999.9,9710,9920,Cập nhật ngày: 21/03/2025 11:27
2025-03-21 12:20:21,Vàng Kim Bảo 999.9,9710,9920,Cập nhật ngày: 21/03/2025 11:27
2025-03-21 12:20:21,Vàng Phúc Lộc Tài 999.9,9710,9920,Cập nhật ngày: 21/03/2025 11:27
2025-03-21 12:20:21,Vàng nữ trang 999.9,9650,9900,Cập nhật ngày: 21/03/2025 11:27
2025-03-21 12:20:21,Vàng nữ trang 999,9640,9890,Cập nhật ngày: 21/03/2025 11:27
2025-03-21 12:20:21,Vàng nữ trang 9920,9581,9831,Cập nhật ngày: 21/03/2025 11:27
2025-03-21 12:20:21,Vàng nữ trang 99,9561,9811,Cập nhật ngày: 21/03/2025 11:27
2025-03-21 12:20:21,Vàng 750 (18K),7190,7440,Cập nhật ngày: 21/03/2025 11:27
2025-03-21 12:20:21,Vàng 585 (14K),5557,5807,Cập nhật ngày: 21/03/2025 11:27
2025-03-21 12:20:21,Vàng 416 (10K),3883,4133,Cập nhật ngày: 21/03/2025 11:27
2025-03-21 12:20:21,Vàng PNJ - Phượng Hoàng,9710,9920,Cập nhật ngày: 21/03/2025 11:27
2025-03-21 12:20:21,Vàng 916 (22K),8828,9078,Cập nhật ngày: 21/03/2025 11:27
2025-03-21 12:20:21,Vàng 610 (14.6K),5804,6054,Cập nhật ngày: 21/03/2025 11:27
2025-03-21 12:20:21,Vàng 650 (15.6K),6200,6450,Cập nhật ngày: 21/03/2025 11:27
2025-03-21 12:20:21,Vàng 680 (16.3K),6497,6747,Cập nhật ngày: 21/03/2025 11:27
2025-03-21 12:20:21,Vàng 375 (9K),3478,3728,Cập nhật ngày: 21/03/2025 11:27
2025-03-21 12:20:21,Vàng 333 (8K),3032,3282,Cập nhật ngày: 21/03/2025 11:27
2025-03-21 20:28:14,Vàng miếng SJC 999.9,9470,9770,Cập nhật ngày: 21/03/2025 14:41
2025-03-21 20:28:14,Nhẫn Trơn PNJ 999.9,9600,9850,Cập nhật ngày: 21/03/2025 14:41
2025-03-21 20:28:14,Vàng Kim Bảo 999.9,9600,9850,Cập nhật ngày: 21/03/2025 14:41
2025-03-21 20:28:14,Vàng Phúc Lộc Tài 999.9,9600,9850,Cập nhật ngày: 21/03/2025 14:41
2025-03-21 20:28:14,Vàng nữ trang 999.9,9590,9840,Cập nhật ngày: 21/03/2025 14:41
2025-03-21 20:28:14,Vàng nữ trang 999,9580,9830,Cập nhật ngày: 21/03/2025 14:41
2025-03-21 20:28:14,Vàng nữ trang 9920,9521,9771,Cập nhật ngày: 21/03/2025 14:41
2025-03-21 20:28:14,Vàng nữ trang 99,9502,9752,Cập nhật ngày: 21/03/2025 14:41
2025-03-21 20:28:14,Vàng 750 (18K),7145,7395,Cập nhật ngày: 21/03/2025 14:41
2025-03-21 20:28:14,Vàng 585 (14K),5521,5771,Cập nhật ngày: 21/03/2025 14:41
2025-03-21 20:28:14,Vàng 416 (10K),3858,4108,Cập nhật ngày: 21/03/2025 14:41
2025-03-21 20:28:14,Vàng PNJ - Phượng Hoàng,9600,9850,Cập nhật ngày: 21/03/2025 14:41
2025-03-21 20:28:14,Vàng 916 (22K),8773,9023,Cập nhật ngày: 21/03/2025 14:41
2025-03-21 20:28:14,Vàng 610 (14.6K),5767,6017,Cập nhật ngày: 21/03/2025 14:41
2025-03-21 20:28:14,Vàng 650 (15.6K),6161,6411,Cập nhật ngày: 21/03/2025 14:41
2025-03-21 20:28:14,Vàng 680 (16.3K),6456,6706,Cập nhật ngày: 21/03/2025 14:41
2025-03-21 20:28:14,Vàng 375 (9K),3455,3705,Cập nhật ngày: 21/03/2025 14:41
2025-03-21 20:28:14,Vàng 333 (8K),3012,3262,Cập nhật ngày: 21/03/2025 14:41
2025-03-22 12:19:25,Vàng miếng SJC 999.9,9440,9740,Cập nhật ngày: 22/03/2025 08:49
2025-03-22 12:19:25,Nhẫn Trơn PNJ 999.9,9570,9830,Cập nhật ngày: 22/03/2025 08:49
2025-03-22 12:19:25,Vàng Kim Bảo 999.9,9570,9830,Cập nhật ngày: 22/03/2025 08:49
2025-03-22 12:19:25,Vàng Phúc Lộc Tài 999.9,9570,9830,Cập nhật ngày: 22/03/2025 08:49
2025-03-22 12:19:25,Vàng nữ trang 999.9,9570,9820,Cập nhật ngày: 22/03/2025 08:49
2025-03-22 12:19:25,Vàng nữ trang 999,9560,9810,Cập nhật ngày: 22/03/2025 08:49
2025-03-22 12:19:25,Vàng nữ trang 9920,9501,9751,Cập nhật ngày: 22/03/2025 08:49
2025-03-22 12:19:25,Vàng nữ trang 99,9482,9732,Cập nhật ngày: 22/03/2025 08:49
2025-03-22 12:19:25,Vàng 750 (18K),7130,7380,Cập nhật ngày: 22/03/2025 08:49
2025-03-22 12:19:25,Vàng 585 (14K),5510,5760,Cập nhật ngày: 22/03/2025 08:49
2025-03-22 12:19:25,Vàng 416 (10K),3850,4100,Cập nhật ngày: 22/03/2025 08:49
2025-03-22 12:19:25,Vàng PNJ - Phượng Hoàng,9570,9830,Cập nhật ngày: 22/03/2025 08:49
2025-03-22 12:19:25,Vàng 916 (22K),8755,9005,Cập nhật ngày: 22/03/2025 08:49
2025-03-22 12:19:25,Vàng 610 (14.6K),5755,6005,Cập nhật ngày: 22/03/2025 08:49
2025-03-22 12:19:25,Vàng 650 (15.6K),6148,6398,Cập nhật ngày: 22/03/2025 08:49
2025-03-22 12:19:25,Vàng 680 (16.3K),6443,6693,Cập nhật ngày: 22/03/2025 08:49
2025-03-22 12:19:25,Vàng 375 (9K),3448,3698,Cập nhật ngày: 22/03/2025 08:49
2025-03-22 12:19:25,Vàng 333 (8K),3006,3256,Cập nhật ngày: 22/03/2025 08:49
2025-03-22 20:23:01,Vàng miếng SJC 999.9,9440,9740,Cập nhật ngày: 22/03/2025 08:49
2025-03-22 20:23:01,Nhẫn Trơn PNJ 999.9,9570,9830,Cập nhật ngày: 22/03/2025 08:49
2025-03-22 20:23:01,Vàng Kim Bảo 999.9,9570,9830,Cập nhật ngày: 22/03/2025 08:49
2025-03-22 20:23:01,Vàng Phúc Lộc Tài 999.9,9570,9830,Cập nhật ngày: 22/03/2025 08:49
2025-03-22 20:23:01,Vàng nữ trang 999.9,9570,9820,Cập nhật ngày: 22/03/2025 08:49
2025-03-22 20:23:01,Vàng nữ trang 999,9560,9810,Cập nhật ngày: 22/03/2025 08:49
2025-03-22 20:23:01,Vàng nữ trang 9920,9501,9751,Cập nhật ngày: 22/03/2025 08:49
2025-03-22 20:23:01,Vàng nữ trang 99,9482,9732,Cập nhật ngày: 22/03/2025 08:49
2025-03-22 20:23:01,Vàng 750 (18K),7130,7380,Cập nhật ngày: 22/03/2025 08:49
2025-03-22 20:23:01,Vàng 585 (14K),5510,5760,Cập nhật ngày: 22/03/2025 08:49
2025-03-22 20:23:01,Vàng 416 (10K),3850,4100,Cập nhật ngày: 22/03/2025 08:49
2025-03-22 20:23:01,Vàng PNJ - Phượng Hoàng,9570,9830,Cập nhật ngày: 22/03/2025 08:49
2025-03-22 20:23:01,Vàng 916 (22K),8755,9005,Cập nhật ngày: 22/03/2025 08:49
2025-03-22 20:23:01,Vàng 610 (14.6K),5755,6005,Cập nhật ngày: 22/03/2025 08:49
2025-03-22 20:23:01,Vàng 650 (15.6K),6148,6398,Cập nhật ngày: 22/03/2025 08:49
2025-03-22 20:23:01,Vàng 680 (16.3K),6443,6693,Cập nhật ngày: 22/03/2025 08:49
2025-03-22 20:23:01,Vàng 375 (9K),3448,3698,Cập nhật ngày: 22/03/2025 08:49
2025-03-22 20:23:01,Vàng 333 (8K),3006,3256,Cập nhật ngày: 22/03/2025 08:49
2025-03-23 12:19:23,Vàng miếng SJC 999.9,9440,9740,Cập nhật ngày: 22/03/2025 08:49
2025-03-23 12:19:23,Nhẫn Trơn PNJ 999.9,9570,9830,Cập nhật ngày: 22/03/2025 08:49
2025-03-23 12:19:23,Vàng Kim Bảo 999.9,9570,9830,Cập nhật ngày: 22/03/2025 08:49
2025-03-23 12:19:24,Vàng Phúc Lộc Tài 999.9,9570,9830,Cập nhật ngày: 22/03/2025 08:49
2025-03-23 12:19:24,Vàng nữ trang 999.9,9570,9820,Cập nhật ngày: 22/03/2025 08:49
2025-03-23 12:19:24,Vàng nữ trang 999,9560,9810,Cập nhật ngày: 22/03/2025 08:49
2025-03-23 12:19:24,Vàng nữ trang 9920,9501,9751,Cập nhật ngày: 22/03/2025 08:49
2025-03-23 12:19:24,Vàng nữ trang 99,9482,9732,Cập nhật ngày: 22/03/2025 08:49
2025-03-23 12:19:24,Vàng 750 (18K),7130,7380,Cập nhật ngày: 22/03/2025 08:49
2025-03-23 12:19:24,Vàng 585 (14K),5510,5760,Cập nhật ngày: 22/03/2025 08:49
2025-03-23 12:19:24,Vàng 416 (10K),3850,4100,Cập nhật ngày: 22/03/2025 08:49
2025-03-23 12:19:24,Vàng PNJ - Phượng Hoàng,9570,9830,Cập nhật ngày: 22/03/2025 08:49
2025-03-23 12:19:24,Vàng 916 (22K),8755,9005,Cập nhật ngày: 22/03/2025 08:49
2025-03-23 12:19:24,Vàng 610 (14.6K),5755,6005,Cập nhật ngày: 22/03/2025 08:49
2025-03-23 12:19:24,Vàng 650 (15.6K),6148,6398,Cập nhật ngày: 22/03/2025 08:49
2025-03-23 12:19:24,Vàng 680 (16.3K),6443,6693,Cập nhật ngày: 22/03/2025 08:49
2025-03-23 12:19:24,Vàng 375 (9K),3448,3698,Cập nhật ngày: 22/03/2025 08:49
2025-03-23 12:19:24,Vàng 333 (8K),3006,3256,Cập nhật ngày: 22/03/2025 08:49
2025-03-23 20:23:52,Vàng miếng SJC 999.9,9440,9740,Cập nhật ngày: 22/03/2025 08:49
2025-03-23 20:23:52,Nhẫn Trơn PNJ 999.9,9570,9830,Cập nhật ngày: 22/03/2025 08:49
2025-03-23 20:23:52,Vàng Kim Bảo 999.9,9570,9830,Cập nhật ngày: 22/03/2025 08:49
2025-03-23 20:23:52,Vàng Phúc Lộc Tài 999.9,9570,9830,Cập nhật ngày: 22/03/2025 08:49
2025-03-23 20:23:52,Vàng nữ trang 999.9,9570,9820,Cập nhật ngày: 22/03/2025 08:49
2025-03-23 20:23:52,Vàng nữ trang 999,9560,9810,Cập nhật ngày: 22/03/2025 08:49
2025-03-23 20:23:52,Vàng nữ trang 9920,9501,9751,Cập nhật ngày: 22/03/2025 08:49
2025-03-23 20:23:52,Vàng nữ trang 99,9482,9732,Cập nhật ngày: 22/03/2025 08:49
2025-03-23 20:23:52,Vàng 750 (18K),7130,7380,Cập nhật ngày: 22/03/2025 08:49
2025-03-23 20:23:53,Vàng 585 (14K),5510,5760,Cập nhật ngày: 22/03/2025 08:49
2025-03-23 20:23:53,Vàng 416 (10K),3850,4100,Cập nhật ngày: 22/03/2025 08:49
2025-03-23 20:23:53,Vàng PNJ - Phượng Hoàng,9570,9830,Cập nhật ngày: 22/03/2025 08:49
2025-03-23 20:23:53,Vàng 916 (22K),8755,9005,Cập nhật ngày: 22/03/2025 08:49
2025-03-23 20:23:53,Vàng 610 (14.6K),5755,6005,Cập nhật ngày: 22/03/2025 08:49
2025-03-23 20:23:53,Vàng 650 (15.6K),6148,6398,Cập nhật ngày: 22/03/2025 08:49
2025-03-23 20:23:53,Vàng 680 (16.3K),6443,6693,Cập nhật ngày: 22/03/2025 08:49
2025-03-23 20:23:53,Vàng 375 (9K),3448,3698,Cập nhật ngày: 22/03/2025 08:49
2025-03-23 20:23:53,Vàng 333 (8K),3006,3256,Cập nhật ngày: 22/03/2025 08:49
2025-03-24 12:21:14,Vàng miếng SJC 999.9,9440,9740,Cập nhật ngày: 24/03/2025 08:18
2025-03-24 12:21:14,Nhẫn Trơn PNJ 999.9,9570,9830,Cập nhật ngày: 24/03/2025 08:18
2025-03-24 12:21:14,Vàng Kim Bảo 999.9,9570,9830,Cập nhật ngày: 24/03/2025 08:18
2025-03-24 12:21:14,Vàng Phúc Lộc Tài 999.9,9570,9830,Cập nhật ngày: 24/03/2025 08:18
2025-03-24 12:21:14,Vàng nữ trang 999.9,9570,9820,Cập nhật ngày: 24/03/2025 08:18
2025-03-24 12:21:14,Vàng nữ trang 999,9560,9810,Cập nhật ngày: 24/03/2025 08:18
2025-03-24 12:21:14,Vàng nữ trang 9920,9501,9751,Cập nhật ngày: 24/03/2025 08:18
2025-03-24 12:21:14,Vàng nữ trang 99,9482,9732,Cập nhật ngày: 24/03/2025 08:18
2025-03-24 12:21:14,Vàng 750 (18K),7130,7380,Cập nhật ngày: 24/03/2025 08:18
2025-03-24 12:21:14,Vàng 585 (14K),5510,5760,Cập nhật ngày: 24/03/2025 08:18
2025-03-24 12:21:14,Vàng 416 (10K),3850,4100,Cập nhật ngày: 24/03/2025 08:18
2025-03-24 12:21:14,Vàng PNJ - Phượng Hoàng,9570,9830,Cập nhật ngày: 24/03/2025 08:18
2025-03-24 12:21:14,Vàng 916 (22K),8755,9005,Cập nhật ngày: 24/03/2025 08:18
2025-03-24 12:21:14,Vàng 610 (14.6K),5755,6005,Cập nhật ngày: 24/03/2025 08:18
2025-03-24 12:21:14,Vàng 650 (15.6K),6148,6398,Cập nhật ngày: 24/03/2025 08:18
2025-03-24 12:21:14,Vàng 680 (16.3K),6443,6693,Cập nhật ngày: 24/03/2025 08:18
2025-03-24 12:21:14,Vàng 375 (9K),3448,3698,Cập nhật ngày: 24/03/2025 08:18
2025-03-24 12:21:14,Vàng 333 (8K),3006,3256,Cập nhật ngày: 24/03/2025 08:18
2025-03-24 20:30:58,Vàng miếng SJC 999.9,9510,9760,Cập nhật ngày: 24/03/2025 15:43
2025-03-24 20:30:58,Nhẫn Trơn PNJ 999.9,9590,9840,Cập nhật ngày: 24/03/2025 15:43
2025-03-24 20:30:58,Vàng Kim Bảo 999.9,9590,9840,Cập nhật ngày: 24/03/2025 15:43
2025-03-24 20:30:58,Vàng Phúc Lộc Tài 999.9,9590,9840,Cập nhật ngày: 24/03/2025 15:43
2025-03-24 20:30:58,Vàng nữ trang 999.9,9580,9830,Cập nhật ngày: 24/03/2025 15:43
2025-03-24 20:30:58,Vàng nữ trang 999,9570,9820,Cập nhật ngày: 24/03/2025 15:43
2025-03-24 20:30:58,Vàng nữ trang 9920,9511,9761,Cập nhật ngày: 24/03/2025 15:43
2025-03-24 20:30:58,Vàng nữ trang 99,9492,9742,Cập nhật ngày: 24/03/2025 15:43
2025-03-24 20:30:58,Vàng 750 (18K),7138,7388,Cập nhật ngày: 24/03/2025 15:43
2025-03-24 20:30:58,Vàng 585 (14K),5516,5766,Cập nhật ngày: 24/03/2025 15:43
2025-03-24 20:30:58,Vàng 416 (10K),3854,4104,Cập nhật ngày: 24/03/2025 15:43
2025-03-24 20:30:58,Vàng PNJ - Phượng Hoàng,9590,9840,Cập nhật ngày: 24/03/2025 15:43
2025-03-24 20:30:58,Vàng 916 (22K),8764,9014,Cập nhật ngày: 24/03/2025 15:43
2025-03-24 20:30:58,Vàng 610 (14.6K),5761,6011,Cập nhật ngày: 24/03/2025 15:43
2025-03-24 20:30:58,Vàng 650 (15.6K),6155,6405,Cập nhật ngày: 24/03/2025 15:43
2025-03-24 20:30:58,Vàng 680 (16.3K),6449,6699,Cập nhật ngày: 24/03/2025 15:43
2025-03-24 20:30:58,Vàng 375 (9K),3451,3701,Cập nhật ngày: 24/03/2025 15:43
2025-03-24 20:30:58,Vàng 333 (8K),3009,3259,Cập nhật ngày: 24/03/2025 15:43
2025-03-25 12:21:15,Vàng miếng SJC 999.9,9560,9760,Cập nhật ngày: 25/03/2025 11:11
2025-03-25 12:21:15,Nhẫn Trơn PNJ 999.9,9560,9820,Cập nhật ngày: 25/03/2025 11:11
2025-03-25 12:21:15,Vàng Kim Bảo 999.9,9560,9820,Cập nhật ngày: 25/03/2025 11:11
2025-03-25 12:21:15,Vàng Phúc Lộc Tài 999.9,9560,9820,Cập nhật ngày: 25/03/2025 11:11
2025-03-25 12:21:15,Vàng nữ trang 999.9,9560,9810,Cập nhật ngày: 25/03/2025 11:11
2025-03-25 12:21:15,Vàng nữ trang 999,9550,9800,Cập nhật ngày: 25/03/2025 11:11
2025-03-25 12:21:15,Vàng nữ trang 9920,9492,9742,Cập nhật ngày: 25/03/2025 11:11
2025-03-25 12:21:15,Vàng nữ trang 99,9472,9722,Cập nhật ngày: 25/03/2025 11:11
2025-03-25 12:21:15,Vàng 750 (18K),7123,7373,Cập nhật ngày: 25/03/2025 11:11
2025-03-25 12:21:15,Vàng 585 (14K),5504,5754,Cập nhật ngày: 25/03/2025 11:11
2025-03-25 12:21:15,Vàng 416 (10K),3846,4096,Cập nhật ngày: 25/03/2025 11:11
2025-03-25 12:21:15,Vàng PNJ - Phượng Hoàng,9560,9820,Cập nhật ngày: 25/03/2025 11:11
2025-03-25 12:21:15,Vàng 916 (22K),8746,8996,Cập nhật ngày: 25/03/2025 11:11
2025-03-25 12:21:15,Vàng 610 (14.6K),5749,5999,Cập nhật ngày: 25/03/2025 11:11
2025-03-25 12:21:15,Vàng 650 (15.6K),6142,6392,Cập nhật ngày: 25/03/2025 11:11
2025-03-25 12:21:16,Vàng 680 (16.3K),6436,6686,Cập nhật ngày: 25/03/2025 11:11
2025-03-25 12:21:16,Vàng 375 (9K),3444,3694,Cập nhật ngày: 25/03/2025 11:11
2025-03-25 12:21:16,Vàng 333 (8K),3002,3252,Cập nhật ngày: 25/03/2025 11:11
2025-03-25 20:30:22,Vàng miếng SJC 999.9,9590,9790,Cập nhật ngày: 25/03/2025 17:16
2025-03-25 20:30:22,Nhẫn Trơn PNJ 999.9,9610,9870,Cập nhật ngày: 25/03/2025 17:16
2025-03-25 20:30:22,Vàng Kim Bảo 999.9,9610,9870,Cập nhật ngày: 25/03/2025 17:16
2025-03-25 20:30:22,Vàng Phúc Lộc Tài 999.9,9610,9870,Cập nhật ngày: 25/03/2025 17:16
2025-03-25 20:30:22,Vàng nữ trang 999.9,9610,9860,Cập nhật ngày: 25/03/2025 17:16
2025-03-25 20:30:22,Vàng nữ trang 999,9600,9850,Cập nhật ngày: 25/03/2025 17:16
2025-03-25 20:30:22,Vàng nữ trang 9920,9541,9791,Cập nhật ngày: 25/03/2025 17:16
2025-03-25 20:30:22,Vàng nữ trang 99,9521,9771,Cập nhật ngày: 25/03/2025 17:16
2025-03-25 20:30:22,Vàng 750 (18K),7160,7410,Cập nhật ngày: 25/03/2025 17:16
2025-03-25 20:30:22,Vàng 585 (14K),5533,5783,Cập nhật ngày: 25/03/2025 17:16
2025-03-25 20:30:22,Vàng 416 (10K),3867,4117,Cập nhật ngày: 25/03/2025 17:16
2025-03-25 20:30:22,Vàng PNJ - Phượng Hoàng,9610,9870,Cập nhật ngày: 25/03/2025 17:16
2025-03-25 20:30:22,Vàng 916 (22K),8792,9042,Cập nhật ngày: 25/03/2025 17:16
2025-03-25 20:30:22,Vàng 610 (14.6K),5780,6030,Cập nhật ngày: 25/03/2025 17:16
2025-03-25 20:30:22,Vàng 650 (15.6K),6174,6424,Cập nhật ngày: 25/03/2025 17:16
2025-03-25 20:30:22,Vàng 680 (16.3K),6470,6720,Cập nhật ngày: 25/03/2025 17:16
2025-03-25 20:30:22,Vàng 375 (9K),3463,3713,Cập nhật ngày: 25/03/2025 17:16
2025-03-25 20:30:22,Vàng 333 (8K),3019,3269,Cập nhật ngày: 25/03/2025 17:16
2025-03-26 12:20:34,Vàng miếng SJC 999.9,9650,9820,Cập nhật ngày: 26/03/2025 09:49
2025-03-26 12:20:34,Nhẫn Trơn PNJ 999.9,9640,9880,Cập nhật ngày: 26/03/2025 09:49
2025-03-26 12:20:34,Vàng Kim Bảo 999.9,9640,9880,Cập nhật ngày: 26/03/2025 09:49
2025-03-26 12:20:34,Vàng Phúc Lộc Tài 999.9,9640,9880,Cập nhật ngày: 26/03/2025 09:49
2025-03-26 12:20:34,Vàng nữ trang 999.9,9620,9870,Cập nhật ngày: 26/03/2025 09:49
2025-03-26 12:20:34,Vàng nữ trang 999,9610,9860,Cập nhật ngày: 26/03/2025 09:49
2025-03-26 12:20:34,Vàng nữ trang 9920,9551,9801,Cập nhật ngày: 26/03/2025 09:49
2025-03-26 12:20:34,Vàng nữ trang 99,9531,9781,Cập nhật ngày: 26/03/2025 09:49
2025-03-26 12:20:34,Vàng 750 (18K),7168,7418,Cập nhật ngày: 26/03/2025 09:49
2025-03-26 12:20:35,Vàng 585 (14K),5539,5789,Cập nhật ngày: 26/03/2025 09:49
2025-03-26 12:20:35,Vàng 416 (10K),3871,4121,Cập nhật ngày: 26/03/2025 09:49
2025-03-26 12:20:35,Vàng PNJ - Phượng Hoàng,9640,9880,Cập nhật ngày: 26/03/2025 09:49
2025-03-26 12:20:35,Vàng 916 (22K),8801,9051,Cập nhật ngày: 26/03/2025 09:49
2025-03-26 12:20:35,Vàng 610 (14.6K),5786,6036,Cập nhật ngày: 26/03/2025 09:49
2025-03-26 12:20:35,Vàng 650 (15.6K),6181,6431,Cập nhật ngày: 26/03/2025 09:49
2025-03-26 12:20:35,Vàng 680 (16.3K),6477,6727,Cập nhật ngày: 26/03/2025 09:49
2025-03-26 12:20:35,Vàng 375 (9K),3466,3716,Cập nhật ngày: 26/03/2025 09:49
2025-03-26 12:20:35,Vàng 333 (8K),3022,3272,Cập nhật ngày: 26/03/2025 09:49
2025-03-26 20:30:43,Vàng miếng SJC 999.9,9670,9840,Cập nhật ngày: 26/03/2025 15:55
2025-03-26 20:30:43,Nhẫn Trơn PNJ 999.9,9670,9900,Cập nhật ngày: 26/03/2025 15:55
2025-03-26 20:30:43,Vàng Kim Bảo 999.9,9670,9900,Cập nhật ngày: 26/03/2025 15:55
2025-03-26 20:30:43,Vàng Phúc Lộc Tài 999.9,9670,9900,Cập nhật ngày: 26/03/2025 15:55
2025-03-26 20:30:43,Vàng nữ trang 999.9,9640,9890,Cập nhật ngày: 26/03/2025 15:55
2025-03-26 20:30:43,Vàng nữ trang 999,9630,9880,Cập nhật ngày: 26/03/2025 15:55
2025-03-26 20:30:43,Vàng nữ trang 9920,9571,9821,Cập nhật ngày: 26/03/2025 15:55
2025-03-26 20:30:43,Vàng nữ trang 99,9551,9801,Cập nhật ngày: 26/03/2025 15:55
2025-03-26 20:30:43,Vàng 750 (18K),7183,7433,Cập nhật ngày: 26/03/2025 15:55
2025-03-26 20:30:43,Vàng 585 (14K),5551,5801,Cập nhật ngày: 26/03/2025 15:55
2025-03-26 20:30:43,Vàng 416 (10K),3879,4129,Cập nhật ngày: 26/03/2025 15:55
2025-03-26 20:30:43,Vàng PNJ - Phượng Hoàng,9670,9900,Cập nhật ngày: 26/03/2025 15:55
2025-03-26 20:30:43,Vàng 916 (22K),8819,9069,Cập nhật ngày: 26/03/2025 15:55
2025-03-26 20:30:43,Vàng 610 (14.6K),5798,6048,Cập nhật ngày: 26/03/2025 15:55
2025-03-26 20:30:43,Vàng 650 (15.6K),6194,6444,Cập nhật ngày: 26/03/2025 15:55
2025-03-26 20:30:43,Vàng 680 (16.3K),6490,6740,Cập nhật ngày: 26/03/2025 15:55
2025-03-26 20:30:44,Vàng 375 (9K),3474,3724,Cập nhật ngày: 26/03/2025 15:55
2025-03-26 20:30:44,Vàng 333 (8K),3029,3279,Cập nhật ngày: 26/03/2025 15:55
2025-03-27 12:20:45,Vàng miếng SJC 999.9,9670,9840,Cập nhật ngày: 27/03/2025 08:15
2025-03-27 12:20:45,Nhẫn Trơn PNJ 999.9,9670,9900,Cập nhật ngày: 27/03/2025 08:15
2025-03-27 12:20:45,Vàng Kim Bảo 999.9,9670,9900,Cập nhật ngày: 27/03/2025 08:15
2025-03-27 12:20:45,Vàng Phúc Lộc Tài 999.9,9670,9900,Cập nhật ngày: 27/03/2025 08:15
2025-03-27 12:20:45,Vàng nữ trang 999.9,9640,9890,Cập nhật ngày: 27/03/2025 08:15
2025-03-27 12:20:45,Vàng nữ trang 999,9630,9880,Cập nhật ngày: 27/03/2025 08:15
2025-03-27 12:20:45,Vàng nữ trang 9920,9571,9821,Cập nhật ngày: 27/03/2025 08:15
2025-03-27 12:20:45,Vàng nữ trang 99,9551,9801,Cập nhật ngày: 27/03/2025 08:15
2025-03-27 12:20:45,Vàng 750 (18K),7183,7433,Cập nhật ngày: 27/03/2025 08:15
2025-03-27 12:20:45,Vàng 585 (14K),5551,5801,Cập nhật ngày: 27/03/2025 08:15
2025-03-27 12:20:45,Vàng 416 (10K),3879,4129,Cập nhật ngày: 27/03/2025 08:15
2025-03-27 12:20:45,Vàng PNJ - Phượng Hoàng,9670,9900,Cập nhật ngày: 27/03/2025 08:15
2025-03-27 12:20:45,Vàng 916 (22K),8819,9069,Cập nhật ngày: 27/03/2025 08:15
2025-03-27 12:20:45,Vàng 610 (14.6K),5798,6048,Cập nhật ngày: 27/03/2025 08:15
2025-03-27 12:20:45,Vàng 650 (15.6K),6194,6444,Cập nhật ngày: 27/03/2025 08:15
2025-03-27 12:20:45,Vàng 680 (16.3K),6490,6740,Cập nhật ngày: 27/03/2025 08:15
2025-03-27 12:20:45,Vàng 375 (9K),3474,3724,Cập nhật ngày: 27/03/2025 08:15
2025-03-27 12:20:45,Vàng 333 (8K),3029,3279,Cập nhật ngày: 27/03/2025 08:15
2025-03-27 20:30:23,Vàng miếng SJC 999.9,9740,9890,Cập nhật ngày: 27/03/2025 16:01
2025-03-27 20:30:23,Nhẫn Trơn PNJ 999.9,9740,9940,Cập nhật ngày: 27/03/2025 16:01
2025-03-27 20:30:23,Vàng Kim Bảo 999.9,9740,9940,Cập nhật ngày: 27/03/2025 16:01
2025-03-27 20:30:23,Vàng Phúc Lộc Tài 999.9,9740,9940,Cập nhật ngày: 27/03/2025 16:01
2025-03-27 20:30:23,Vàng nữ trang 999.9,9680,9930,Cập nhật ngày: 27/03/2025 16:01
2025-03-27 20:30:23,Vàng nữ trang 999,9670,9920,Cập nhật ngày: 27/03/2025 16:01
2025-03-27 20:30:23,Vàng nữ trang 9920,9611,9861,Cập nhật ngày: 27/03/2025 16:01
2025-03-27 20:30:23,Vàng nữ trang 99,9591,9841,Cập nhật ngày: 27/03/2025 16:01
2025-03-27 20:30:23,Vàng 750 (18K),7213,7463,Cập nhật ngày: 27/03/2025 16:01
2025-03-27 20:30:23,Vàng 585 (14K),5574,5824,Cập nhật ngày: 27/03/2025 16:01
2025-03-27 20:30:23,Vàng 416 (10K),3896,4146,Cập nhật ngày: 27/03/2025 16:01
2025-03-27 20:30:23,Vàng PNJ - Phượng Hoàng,9740,9940,Cập nhật ngày: 27/03/2025 16:01
2025-03-27 20:30:23,Vàng 916 (22K),8856,9106,Cập nhật ngày: 27/03/2025 16:01
2025-03-27 20:30:23,Vàng 610 (14.6K),5822,6072,Cập nhật ngày: 27/03/2025 16:01
2025-03-27 20:30:23,Vàng 650 (15.6K),6220,6470,Cập nhật ngày: 27/03/2025 16:01
2025-03-27 20:30:23,Vàng 680 (16.3K),6517,6767,Cập nhật ngày: 27/03/2025 16:01
2025-03-27 20:30:23,Vàng 375 (9K),3489,3739,Cập nhật ngày: 27/03/2025 16:01
2025-03-27 20:30:23,Vàng 333 (8K),3042,3292,Cập nhật ngày: 27/03/2025 16:01
2025-03-28 12:22:19,Vàng miếng SJC 999.9,9840,10040,Cập nhật ngày: 28/03/2025 09:11
2025-03-28 12:22:19,Nhẫn Trơn PNJ 999.9,9840,10040,Cập nhật ngày: 28/03/2025 09:11
2025-03-28 12:22:19,Vàng Kim Bảo 999.9,9840,10040,Cập nhật ngày: 28/03/2025 09:11
2025-03-28 12:22:19,Vàng Phúc Lộc Tài 999.9,9840,10040,Cập nhật ngày: 28/03/2025 09:11
2025-03-28 12:22:19,Vàng nữ trang 999.9,9730,10030,Cập nhật ngày: 28/03/2025 09:11
2025-03-28 12:22:19,Vàng nữ trang 999,9770,10020,Cập nhật ngày: 28/03/2025 09:11
2025-03-28 12:22:19,Vàng nữ trang 9920,9710,9960,Cập nhật ngày: 28/03/2025 09:11
2025-03-28 12:22:19,Vàng nữ trang 99,9690,9940,Cập nhật ngày: 28/03/2025 09:11
2025-03-28 12:22:19,Vàng 750 (18K),7288,7538,Cập nhật ngày: 28/03/2025 09:11
2025-03-28 12:22:19,Vàng 585 (14K),5633,5883,Cập nhật ngày: 28/03/2025 09:11
2025-03-28 12:22:19,Vàng 416 (10K),3938,4188,Cập nhật ngày: 28/03/2025 09:11
2025-03-28 12:22:19,Vàng PNJ - Phượng Hoàng,9840,10040,Cập nhật ngày: 28/03/2025 09:11
2025-03-28 12:22:19,Vàng 916 (22K),8948,9198,Cập nhật ngày: 28/03/2025 09:11
2025-03-28 12:22:19,Vàng 610 (14.6K),5883,6133,Cập nhật ngày: 28/03/2025 09:11
2025-03-28 12:22:19,Vàng 650 (15.6K),6285,6535,Cập nhật ngày: 28/03/2025 09:11
2025-03-28 12:22:19,Vàng 680 (16.3K),6585,6835,Cập nhật ngày: 28/03/2025 09:11
2025-03-28 12:22:19,Vàng 375 (9K),3526,3776,Cập nhật ngày: 28/03/2025 09:11
2025-03-28 12:22:19,Vàng 333 (8K),3075,3325,Cập nhật ngày: 28/03/2025 09:11
2025-03-28 20:28:48,Vàng miếng SJC 999.9,9820,10020,Cập nhật ngày: 28/03/2025 16:28
2025-03-28 20:28:48,Nhẫn Trơn PNJ 999.9,9820,10020,Cập nhật ngày: 28/03/2025 16:28
2025-03-28 20:28:48,Vàng Kim Bảo 999.9,9820,10020,Cập nhật ngày: 28/03/2025 16:28
2025-03-28 20:28:48,Vàng Phúc Lộc Tài 999.9,9820,10020,Cập nhật ngày: 28/03/2025 16:28
2025-03-28 20:28:48,Vàng nữ trang 999.9,9760,10010,Cập nhật ngày: 28/03/2025 16:28
2025-03-28 20:28:48,Vàng nữ trang 999,9750,10000,Cập nhật ngày: 28/03/2025 16:28
2025-03-28 20:28:48,Vàng nữ trang 9920,9690,9940,Cập nhật ngày: 28/03/2025 16:28
2025-03-28 20:28:48,Vàng nữ trang 99,9670,9920,Cập nhật ngày: 28/03/2025 16:28
2025-03-28 20:28:48,Vàng 750 (18K),7273,7523,Cập nhật ngày: 28/03/2025 16:28
2025-03-28 20:28:48,Vàng 585 (14K),5621,5871,Cập nhật ngày: 28/03/2025 16:28
2025-03-28 20:28:48,Vàng 416 (10K),3929,4179,Cập nhật ngày: 28/03/2025 16:28
2025-03-28 20:28:48,Vàng PNJ - Phượng Hoàng,9820,10020,Cập nhật ngày: 28/03/2025 16:28
2025-03-28 20:28:48,Vàng 916 (22K),8929,9179,Cập nhật ngày: 28/03/2025 16:28
2025-03-28 20:28:48,Vàng 610 (14.6K),5871,6121,Cập nhật ngày: 28/03/2025 16:28
2025-03-28 20:28:48,Vàng 650 (15.6K),6272,6522,Cập nhật ngày: 28/03/2025 16:28
2025-03-28 20:28:48,Vàng 680 (16.3K),6572,6822,Cập nhật ngày: 28/03/2025 16:28
2025-03-28 20:28:48,Vàng 375 (9K),3519,3769,Cập nhật ngày: 28/03/2025 16:28
2025-03-28 20:28:48,Vàng 333 (8K),3068,3318,Cập nhật ngày: 28/03/2025 16:28
2025-03-29 12:19:22,Vàng miếng SJC 999.9,9840,10070,Cập nhật ngày: 29/03/2025 09:29
2025-03-29 12:19:22,Nhẫn Trơn PNJ 999.9,9840,10070,Cập nhật ngày: 29/03/2025 09:29
2025-03-29 12:19:22,Vàng Kim Bảo 999.9,9840,10070,Cập nhật ngày: 29/03/2025 09:29
2025-03-29 12:19:22,Vàng Phúc Lộc Tài 999.9,9840,10070,Cập nhật ngày: 29/03/2025 09:29
2025-03-29 12:19:22,Vàng nữ trang 999.9,9810,10060,Cập nhật ngày: 29/03/2025 09:29
2025-03-29 12:19:22,Vàng nữ trang 999,9800,10050,Cập nhật ngày: 29/03/2025 09:29
2025-03-29 12:19:22,Vàng nữ trang 9920,9740,9990,Cập nhật ngày: 29/03/2025 09:29
2025-03-29 12:19:22,Vàng nữ trang 99,9719,9969,Cập nhật ngày: 29/03/2025 09:29
2025-03-29 12:19:22,Vàng 750 (18K),7310,7560,Cập nhật ngày: 29/03/2025 09:29
2025-03-29 12:19:22,Vàng 585 (14K),5650,5900,Cập nhật ngày: 29/03/2025 09:29
2025-03-29 12:19:22,Vàng 416 (10K),3950,4200,Cập nhật ngày: 29/03/2025 09:29
2025-03-29 12:19:22,Vàng PNJ - Phượng Hoàng,9840,10070,Cập nhật ngày: 29/03/2025 09:29
2025-03-29 12:19:22,Vàng 916 (22K),8975,9225,Cập nhật ngày: 29/03/2025 09:29
2025-03-29 12:19:22,Vàng 610 (14.6K),5902,6152,Cập nhật ngày: 29/03/2025 09:29
2025-03-29 12:19:22,Vàng 650 (15.6K),6304,6554,Cập nhật ngày: 29/03/2025 09:29
2025-03-29 12:19:22,Vàng 680 (16.3K),6606,6856,Cập nhật ngày: 29/03/2025 09:29
2025-03-29 12:19:22,Vàng 375 (9K),3538,3788,Cập nhật ngày: 29/03/2025 09:29
2025-03-29 12:19:22,Vàng 333 (8K),3085,3335,Cập nhật ngày: 29/03/2025 09:29
2025-03-29 20:24:21,Vàng miếng SJC 999.9,9840,10070,Cập nhật ngày: 29/03/2025 09:29
2025-03-29 20:24:21,Nhẫn Trơn PNJ 999.9,9840,10070,Cập nhật ngày: 29/03/2025 09:29
2025-03-29 20:24:21,Vàng Kim Bảo 999.9,9840,10070,Cập nhật ngày: 29/03/2025 09:29
2025-03-29 20:24:21,Vàng Phúc Lộc Tài 999.9,9840,10070,Cập nhật ngày: 29/03/2025 09:29
2025-03-29 20:24:22,Vàng nữ trang 999.9,9810,10060,Cập nhật ngày: 29/03/2025 09:29
2025-03-29 20:24:22,Vàng nữ trang 999,9800,10050,Cập nhật ngày: 29/03/2025 09:29
2025-03-29 20:24:22,Vàng nữ trang 9920,9740,9990,Cập nhật ngày: 29/03/2025 09:29
2025-03-29 20:24:22,Vàng nữ trang 99,9719,9969,Cập nhật ngày: 29/03/2025 09:29
2025-03-29 20:24:22,Vàng 750 (18K),7310,7560,Cập nhật ngày: 29/03/2025 09:29
2025-03-29 20:24:22,Vàng 585 (14K),5650,5900,Cập nhật ngày: 29/03/2025 09:29
2025-03-29 20:24:22,Vàng 416 (10K),3950,4200,Cập nhật ngày: 29/03/2025 09:29
2025-03-29 20:24:22,Vàng PNJ - Phượng Hoàng,9840,10070,Cập nhật ngày: 29/03/2025 09:29
2025-03-29 20:24:22,Vàng 916 (22K),8975,9225,Cập nhật ngày: 29/03/2025 09:29
2025-03-29 20:24:22,Vàng 610 (14.6K),5902,6152,Cập nhật ngày: 29/03/2025 09:29
2025-03-29 20:24:22,Vàng 650 (15.6K),6304,6554,Cập nhật ngày: 29/03/2025 09:29
2025-03-29 20:24:22,Vàng 680 (16.3K),6606,6856,Cập nhật ngày: 29/03/2025 09:29
2025-03-29 20:24:22,Vàng 375 (9K),3538,3788,Cập nhật ngày: 29/03/2025 09:29
2025-03-29 20:24:22,Vàng 333 (8K),3085,3335,Cập nhật ngày: 29/03/2025 09:29
2025-03-30 12:19:35,Vàng miếng SJC 999.9,9840,10070,Cập nhật ngày: 29/03/2025 09:29
2025-03-30 12:19:35,Nhẫn Trơn PNJ 999.9,9840,10070,Cập nhật ngày: 29/03/2025 09:29
2025-03-30 12:19:35,Vàng Kim Bảo 999.9,9840,10070,Cập nhật ngày: 29/03/2025 09:29
2025-03-30 12:19:35,Vàng Phúc Lộc Tài 999.9,9840,10070,Cập nhật ngày: 29/03/2025 09:29
2025-03-30 12:19:35,Vàng nữ trang 999.9,9810,10060,Cập nhật ngày: 29/03/2025 09:29
2025-03-30 12:19:35,Vàng nữ trang 999,9800,10050,Cập nhật ngày: 29/03/2025 09:29
2025-03-30 12:19:35,Vàng nữ trang 9920,9740,9990,Cập nhật ngày: 29/03/2025 09:29
2025-03-30 12:19:35,Vàng nữ trang 99,9719,9969,Cập nhật ngày: 29/03/2025 09:29
2025-03-30 12:19:35,Vàng 750 (18K),7310,7560,Cập nhật ngày: 29/03/2025 09:29
2025-03-30 12:19:35,Vàng 585 (14K),5650,5900,Cập nhật ngày: 29/03/2025 09:29
2025-03-30 12:19:35,Vàng 416 (10K),3950,4200,Cập nhật ngày: 29/03/2025 09:29
2025-03-30 12:19:36,Vàng PNJ - Phượng Hoàng,9840,10070,Cập nhật ngày: 29/03/2025 09:29
2025-03-30 12:19:36,Vàng 916 (22K),8975,9225,Cập nhật ngày: 29/03/2025 09:29
2025-03-30 12:19:36,Vàng 610 (14.6K),5902,6152,Cập nhật ngày: 29/03/2025 09:29
2025-03-30 12:19:36,Vàng 650 (15.6K),6304,6554,Cập nhật ngày: 29/03/2025 09:29
2025-03-30 12:19:36,Vàng 680 (16.3K),6606,6856,Cập nhật ngày: 29/03/2025 09:29
2025-03-30 12:19:36,Vàng 375 (9K),3538,3788,Cập nhật ngày: 29/03/2025 09:29
2025-03-30 12:19:36,Vàng 333 (8K),3085,3335,Cập nhật ngày: 29/03/2025 09:29
2025-03-30 20:24:59,Vàng miếng SJC 999.9,9840,10070,Cập nhật ngày: 29/03/2025 09:29
2025-03-30 20:24:59,Nhẫn Trơn PNJ 999.9,9840,10070,Cập nhật ngày: 29/03/2025 09:29
2025-03-30 20:24:59,Vàng Kim Bảo 999.9,9840,10070,Cập nhật ngày: 29/03/2025 09:29
2025-03-30 20:24:59,Vàng Phúc Lộc Tài 999.9,9840,10070,Cập nhật ngày: 29/03/2025 09:29
2025-03-30 20:24:59,Vàng nữ trang 999.9,9810,10060,Cập nhật ngày: 29/03/2025 09:29
2025-03-30 20:24:59,Vàng nữ trang 999,9800,10050,Cập nhật ngày: 29/03/2025 09:29
2025-03-30 20:24:59,Vàng nữ trang 9920,9740,9990,Cập nhật ngày: 29/03/2025 09:29
2025-03-30 20:24:59,Vàng nữ trang 99,9719,9969,Cập nhật ngày: 29/03/2025 09:29
2025-03-30 20:24:59,Vàng 750 (18K),7310,7560,Cập nhật ngày: 29/03/2025 09:29
2025-03-30 20:24:59,Vàng 585 (14K),5650,5900,Cập nhật ngày: 29/03/2025 09:29
2025-03-30 20:24:59,Vàng 416 (10K),3950,4200,Cập nhật ngày: 29/03/2025 09:29
2025-03-30 20:24:59,Vàng PNJ - Phượng Hoàng,9840,10070,Cập nhật ngày: 29/03/2025 09:29
2025-03-30 20:25:00,Vàng 916 (22K),8975,9225,Cập nhật ngày: 29/03/2025 09:29
2025-03-30 20:25:00,Vàng 610 (14.6K),5902,6152,Cập nhật ngày: 29/03/2025 09:29
2025-03-30 20:25:00,Vàng 650 (15.6K),6304,6554,Cập nhật ngày: 29/03/2025 09:29
2025-03-30 20:25:00,Vàng 680 (16.3K),6606,6856,Cập nhật ngày: 29/03/2025 09:29
2025-03-30 20:25:00,Vàng 375 (9K),3538,3788,Cập nhật ngày: 29/03/2025 09:29
2025-03-30 20:25:00,Vàng 333 (8K),3085,3335,Cập nhật ngày: 29/03/2025 09:29
2025-03-31 12:21:47,Vàng miếng SJC 999.9,9920,10150,Cập nhật ngày: 31/03/2025 10:18
2025-03-31 12:21:47,Nhẫn Trơn PNJ 999.9,9920,10150,Cập nhật ngày: 31/03/2025 10:18
2025-03-31 12:21:48,Vàng Kim Bảo 999.9,9920,10150,Cập nhật ngày: 31/03/2025 10:18
2025-03-31 12:21:48,Vàng Phúc Lộc Tài 999.9,9920,10150,Cập nhật ngày: 31/03/2025 10:18
2025-03-31 12:21:48,Vàng nữ trang 999.9,9890,10140,Cập nhật ngày: 31/03/2025 10:18
2025-03-31 12:21:48,Vàng nữ trang 999,9880,10130,Cập nhật ngày: 31/03/2025 10:18
2025-03-31 12:21:48,Vàng nữ trang 9920,9819,10069,Cập nhật ngày: 31/03/2025 10:18
2025-03-31 12:21:48,Vàng nữ trang 99,9799,10049,Cập nhật ngày: 31/03/2025 10:18
2025-03-31 12:21:48,Vàng 750 (18K),7370,7620,Cập nhật ngày: 31/03/2025 10:18
2025-03-31 12:21:48,Vàng 585 (14K),5697,5947,Cập nhật ngày: 31/03/2025 10:18
2025-03-31 12:21:48,Vàng 416 (10K),3983,4233,Cập nhật ngày: 31/03/2025 10:18
2025-03-31 12:21:48,Vàng PNJ - Phượng Hoàng,9920,10150,Cập nhật ngày: 31/03/2025 10:18
2025-03-31 12:21:48,Vàng 916 (22K),9048,9298,Cập nhật ngày: 31/03/2025 10:18
2025-03-31 12:21:48,Vàng 610 (14.6K),5950,6200,Cập nhật ngày: 31/03/2025 10:18
2025-03-31 12:21:48,Vàng 650 (15.6K),6356,6606,Cập nhật ngày: 31/03/2025 10:18
2025-03-31 12:21:48,Vàng 680 (16.3K),6660,6910,Cập nhật ngày: 31/03/2025 10:18
2025-03-31 12:21:48,Vàng 375 (9K),3568,3818,Cập nhật ngày: 31/03/2025 10:18
2025-03-31 12:21:48,Vàng 333 (8K),3111,3361,Cập nhật ngày: 31/03/2025 10:18
