timestamp,gold_type,buy_price,sell_price,update_time
2025-03-01T11:09:22.877997+07:00,Vàng miếng SJC 999.9,"8,850","9,050",Cập nhật ngày: 01/03/2025 08:00
2025-03-01T11:09:22.894101+07:00,Nhẫn Trơn PNJ 999.9,"8,980","9,050",Cập nhật ngày: 01/03/2025 08:00
2025-03-01T11:09:22.909683+07:00,Vàng Kim Bảo 999.9,"8,980","9,050",Cập nhật ngày: 01/03/2025 08:00
2025-03-01T11:09:22.927059+07:00,Vàng Phúc Lộc Tài 999.9,"8,980","9,050",Cập nhật ngày: 01/03/2025 08:00
2025-03-01T11:09:22.942392+07:00,Vàng nữ trang 999.9,"8,800","9,050",Cập nhật ngày: 01/03/2025 08:00
2025-03-01T11:09:22.956844+07:00,Vàng nữ trang 999,"8,791","9,041",Cập nhật ngày: 01/03/2025 08:00
2025-03-01T11:09:22.971962+07:00,Vàng nữ trang 9920,"8,738","8,988",Cập nhật ngày: 01/03/2025 08:00
2025-03-01T11:09:22.987446+07:00,Vàng nữ trang 99,"8,720","8,970",Cập nhật ngày: 01/03/2025 08:00
2025-03-01T11:09:23.001982+07:00,Vàng 750 (18K),"6,553","6,803",Cập nhật ngày: 01/03/2025 08:00
2025-03-01T11:09:23.017451+07:00,Vàng 585 (14K),"5,059","5,309",Cập nhật ngày: 01/03/2025 08:00
2025-03-01T11:09:23.035485+07:00,Vàng 416 (10K),"3,530","3,780",Cập nhật ngày: 01/03/2025 08:00
2025-03-01T11:09:23.052190+07:00,Vàng PNJ - Phượng Hoàng,"8,980","9,050",Cập nhật ngày: 01/03/2025 08:00
2025-03-01T11:09:23.068701+07:00,Vàng 916 (22K),"8,050","8,300",Cập nhật ngày: 01/03/2025 08:00
2025-03-01T11:09:23.083160+07:00,Vàng 610 (14.6K),"5,286","5,536",Cập nhật ngày: 01/03/2025 08:00
2025-03-01T11:09:23.097388+07:00,Vàng 650 (15.6K),"5,648","5,898",Cập nhật ngày: 01/03/2025 08:00
2025-03-01T11:09:23.111366+07:00,Vàng 680 (16.3K),"5,919","6,169",Cập nhật ngày: 01/03/2025 08:00
2025-03-01T11:09:23.125566+07:00,Vàng 375 (9K),"3,159","3,409",Cập nhật ngày: 01/03/2025 08:00
2025-03-01T11:09:23.140785+07:00,Vàng 333 (8K),"2,752","3,002",Cập nhật ngày: 01/03/2025 08:00
2025-03-01T16:07:35.815494+07:00,Vàng miếng SJC 999.9,"8,850","9,050",Cập nhật ngày: 01/03/2025 08:00
2025-03-01T16:07:35.837323+07:00,Nhẫn Trơn PNJ 999.9,"8,980","9,050",Cập nhật ngày: 01/03/2025 08:00
2025-03-01T16:07:35.853287+07:00,Vàng Kim Bảo 999.9,"8,980","9,050",Cập nhật ngày: 01/03/2025 08:00
2025-03-01T16:07:35.870162+07:00,Vàng Phúc Lộc Tài 999.9,"8,980","9,050",Cập nhật ngày: 01/03/2025 08:00
2025-03-01T16:07:35.886783+07:00,Vàng nữ trang 999.9,"8,800","9,050",Cập nhật ngày: 01/03/2025 08:00
2025-03-01T16:07:35.901651+07:00,Vàng nữ trang 999,"8,791","9,041",Cập nhật ngày: 01/03/2025 08:00
2025-03-01T16:07:35.917001+07:00,Vàng nữ trang 9920,"8,738","8,988",Cập nhật ngày: 01/03/2025 08:00
2025-03-01T16:07:35.938639+07:00,Vàng nữ trang 99,"8,720","8,970",Cập nhật ngày: 01/03/2025 08:00
2025-03-01T16:07:35.957344+07:00,Vàng 750 (18K),"6,553","6,803",Cập nhật ngày: 01/03/2025 08:00
2025-03-01T16:07:35.973214+07:00,Vàng 585 (14K),"5,059","5,309",Cập nhật ngày: 01/03/2025 08:00
2025-03-01T16:07:35.988014+07:00,Vàng 416 (10K),"3,530","3,780",Cập nhật ngày: 01/03/2025 08:00
2025-03-01T16:07:36.003663+07:00,Vàng PNJ - Phượng Hoàng,"8,980","9,050",Cập nhật ngày: 01/03/2025 08:00
2025-03-01T16:07:36.018853+07:00,Vàng 916 (22K),"8,050","8,300",Cập nhật ngày: 01/03/2025 08:00
2025-03-01T16:07:36.033641+07:00,Vàng 610 (14.6K),"5,286","5,536",Cập nhật ngày: 01/03/2025 08:00
2025-03-01T16:07:36.047777+07:00,Vàng 650 (15.6K),"5,648","5,898",Cập nhật ngày: 01/03/2025 08:00
2025-03-01T16:07:36.063653+07:00,Vàng 680 (16.3K),"5,919","6,169",Cập nhật ngày: 01/03/2025 08:00
2025-03-01T16:07:36.080255+07:00,Vàng 375 (9K),"3,159","3,409",Cập nhật ngày: 01/03/2025 08:00
2025-03-01T16:07:36.096103+07:00,Vàng 333 (8K),"2,752","3,002",Cập nhật ngày: 01/03/2025 08:00
2025-03-02T11:09:16.506888+07:00,Vàng miếng SJC 999.9,"8,850","9,050",Cập nhật ngày: 01/03/2025 08:00
2025-03-02T11:09:16.523390+07:00,Nhẫn Trơn PNJ 999.9,"8,980","9,050",Cập nhật ngày: 01/03/2025 08:00
2025-03-02T11:09:16.541063+07:00,Vàng Kim Bảo 999.9,"8,980","9,050",Cập nhật ngày: 01/03/2025 08:00
2025-03-02T11:09:16.561288+07:00,Vàng Phúc Lộc Tài 999.9,"8,980","9,050",Cập nhật ngày: 01/03/2025 08:00
2025-03-02T11:09:16.576499+07:00,Vàng nữ trang 999.9,"8,800","9,050",Cập nhật ngày: 01/03/2025 08:00
2025-03-02T11:09:16.594938+07:00,Vàng nữ trang 999,"8,791","9,041",Cập nhật ngày: 01/03/2025 08:00
2025-03-02T11:09:16.610256+07:00,Vàng nữ trang 9920,"8,738","8,988",Cập nhật ngày: 01/03/2025 08:00
2025-03-02T11:09:16.626050+07:00,Vàng nữ trang 99,"8,720","8,970",Cập nhật ngày: 01/03/2025 08:00
2025-03-02T11:09:16.643042+07:00,Vàng 750 (18K),"6,553","6,803",Cập nhật ngày: 01/03/2025 08:00
2025-03-02T11:09:16.658425+07:00,Vàng 585 (14K),"5,059","5,309",Cập nhật ngày: 01/03/2025 08:00
2025-03-02T11:09:16.673489+07:00,Vàng 416 (10K),"3,530","3,780",Cập nhật ngày: 01/03/2025 08:00
2025-03-02T11:09:16.690300+07:00,Vàng PNJ - Phượng Hoàng,"8,980","9,050",Cập nhật ngày: 01/03/2025 08:00
2025-03-02T11:09:16.705694+07:00,Vàng 916 (22K),"8,050","8,300",Cập nhật ngày: 01/03/2025 08:00
2025-03-02T11:09:16.722105+07:00,Vàng 610 (14.6K),"5,286","5,536",Cập nhật ngày: 01/03/2025 08:00
2025-03-02T11:09:16.737593+07:00,Vàng 650 (15.6K),"5,648","5,898",Cập nhật ngày: 01/03/2025 08:00
2025-03-02T11:09:16.753395+07:00,Vàng 680 (16.3K),"5,919","6,169",Cập nhật ngày: 01/03/2025 08:00
2025-03-02T11:09:16.767996+07:00,Vàng 375 (9K),"3,159","3,409",Cập nhật ngày: 01/03/2025 08:00
2025-03-02T11:09:16.785180+07:00,Vàng 333 (8K),"2,752","3,002",Cập nhật ngày: 01/03/2025 08:00
2025-03-02T16:07:12.178541+07:00,Vàng miếng SJC 999.9,"8,850","9,050",Cập nhật ngày: 01/03/2025 08:00
2025-03-02T16:07:12.195122+07:00,Nhẫn Trơn PNJ 999.9,"8,980","9,050",Cập nhật ngày: 01/03/2025 08:00
2025-03-02T16:07:12.211016+07:00,Vàng Kim Bảo 999.9,"8,980","9,050",Cập nhật ngày: 01/03/2025 08:00
2025-03-02T16:07:12.229250+07:00,Vàng Phúc Lộc Tài 999.9,"8,980","9,050",Cập nhật ngày: 01/03/2025 08:00
2025-03-02T16:07:12.245003+07:00,Vàng nữ trang 999.9,"8,800","9,050",Cập nhật ngày: 01/03/2025 08:00
2025-03-02T16:07:12.260554+07:00,Vàng nữ trang 999,"8,791","9,041",Cập nhật ngày: 01/03/2025 08:00
2025-03-02T16:07:12.295280+07:00,Vàng nữ trang 9920,"8,738","8,988",Cập nhật ngày: 01/03/2025 08:00
2025-03-02T16:07:12.316048+07:00,Vàng nữ trang 99,"8,720","8,970",Cập nhật ngày: 01/03/2025 08:00
2025-03-02T16:07:12.333859+07:00,Vàng 750 (18K),"6,553","6,803",Cập nhật ngày: 01/03/2025 08:00
2025-03-02T16:07:12.354079+07:00,Vàng 585 (14K),"5,059","5,309",Cập nhật ngày: 01/03/2025 08:00
2025-03-02T16:07:12.369254+07:00,Vàng 416 (10K),"3,530","3,780",Cập nhật ngày: 01/03/2025 08:00
2025-03-02T16:07:12.385019+07:00,Vàng PNJ - Phượng Hoàng,"8,980","9,050",Cập nhật ngày: 01/03/2025 08:00
2025-03-02T16:07:12.402287+07:00,Vàng 916 (22K),"8,050","8,300",Cập nhật ngày: 01/03/2025 08:00
2025-03-02T16:07:12.417002+07:00,Vàng 610 (14.6K),"5,286","5,536",Cập nhật ngày: 01/03/2025 08:00
2025-03-02T16:07:12.431911+07:00,Vàng 650 (15.6K),"5,648","5,898",Cập nhật ngày: 01/03/2025 08:00
2025-03-02T16:07:12.446934+07:00,Vàng 680 (16.3K),"5,919","6,169",Cập nhật ngày: 01/03/2025 08:00
2025-03-02T16:07:12.462128+07:00,Vàng 375 (9K),"3,159","3,409",Cập nhật ngày: 01/03/2025 08:00
2025-03-02T16:07:12.478122+07:00,Vàng 333 (8K),"2,752","3,002",Cập nhật ngày: 01/03/2025 08:00
2025-03-03T11:11:25.406972+07:00,Vàng miếng SJC 999.9,"8,900","9,100",Cập nhật ngày: 03/03/2025 08:34
2025-03-03T11:11:25.423494+07:00,Nhẫn Trơn PNJ 999.9,"9,000","9,100",Cập nhật ngày: 03/03/2025 08:34
2025-03-03T11:11:25.440627+07:00,Vàng Kim Bảo 999.9,"9,000","9,100",Cập nhật ngày: 03/03/2025 08:34
2025-03-03T11:11:25.457979+07:00,Vàng Phúc Lộc Tài 999.9,"9,000","9,050",Cập nhật ngày: 03/03/2025 08:34
2025-03-03T11:11:25.474113+07:00,Vàng nữ trang 999.9,"8,840","9,090",Cập nhật ngày: 03/03/2025 08:34
2025-03-03T11:11:25.489687+07:00,Vàng nữ trang 999,"8,831","9,081",Cập nhật ngày: 03/03/2025 08:34
2025-03-03T11:11:25.505065+07:00,Vàng nữ trang 9920,"8,777","9,027",Cập nhật ngày: 03/03/2025 08:34
2025-03-03T11:11:25.521748+07:00,Vàng nữ trang 99,"8,759","9,009",Cập nhật ngày: 03/03/2025 08:34
2025-03-03T11:11:25.540472+07:00,Vàng 750 (18K),"6,583","6,833",Cập nhật ngày: 03/03/2025 08:34
2025-03-03T11:11:25.555718+07:00,Vàng 585 (14K),"5,083","5,333",Cập nhật ngày: 03/03/2025 08:34
2025-03-03T11:11:25.571291+07:00,Vàng 416 (10K),"3,546","3,796",Cập nhật ngày: 03/03/2025 08:34
2025-03-03T11:11:25.587013+07:00,Vàng PNJ - Phượng Hoàng,"9,000","9,100",Cập nhật ngày: 03/03/2025 08:34
2025-03-03T11:11:25.602288+07:00,Vàng 916 (22K),"8,086","8,336",Cập nhật ngày: 03/03/2025 08:34
2025-03-03T11:11:25.618238+07:00,Vàng 610 (14.6K),"5,310","5,560",Cập nhật ngày: 03/03/2025 08:34
2025-03-03T11:11:25.632720+07:00,Vàng 650 (15.6K),"5,674","5,924",Cập nhật ngày: 03/03/2025 08:34
2025-03-03T11:11:25.647034+07:00,Vàng 680 (16.3K),"5,946","6,196",Cập nhật ngày: 03/03/2025 08:34
2025-03-03T11:11:25.661585+07:00,Vàng 375 (9K),"3,174","3,424",Cập nhật ngày: 03/03/2025 08:34
2025-03-03T11:11:25.677686+07:00,Vàng 333 (8K),"2,765","3,015",Cập nhật ngày: 03/03/2025 08:34
2025-03-03T16:09:41.715555+07:00,Vàng miếng SJC 999.9,"8,900","9,100",Cập nhật ngày: 03/03/2025 08:34
2025-03-03T16:09:41.733083+07:00,Nhẫn Trơn PNJ 999.9,"9,000","9,100",Cập nhật ngày: 03/03/2025 08:34
2025-03-03T16:09:41.749570+07:00,Vàng Kim Bảo 999.9,"9,000","9,100",Cập nhật ngày: 03/03/2025 08:34
2025-03-03T16:09:41.770293+07:00,Vàng Phúc Lộc Tài 999.9,"9,000","9,050",Cập nhật ngày: 03/03/2025 08:34
2025-03-03T16:09:41.790697+07:00,Vàng nữ trang 999.9,"8,840","9,090",Cập nhật ngày: 03/03/2025 08:34
2025-03-03T16:09:41.806080+07:00,Vàng nữ trang 999,"8,831","9,081",Cập nhật ngày: 03/03/2025 08:34
2025-03-03T16:09:41.823094+07:00,Vàng nữ trang 9920,"8,777","9,027",Cập nhật ngày: 03/03/2025 08:34
2025-03-03T16:09:41.839336+07:00,Vàng nữ trang 99,"8,759","9,009",Cập nhật ngày: 03/03/2025 08:34
2025-03-03T16:09:41.855848+07:00,Vàng 750 (18K),"6,583","6,833",Cập nhật ngày: 03/03/2025 08:34
2025-03-03T16:09:41.872681+07:00,Vàng 585 (14K),"5,083","5,333",Cập nhật ngày: 03/03/2025 08:34
2025-03-03T16:09:41.887771+07:00,Vàng 416 (10K),"3,546","3,796",Cập nhật ngày: 03/03/2025 08:34
2025-03-03T16:09:41.903610+07:00,Vàng PNJ - Phượng Hoàng,"9,000","9,100",Cập nhật ngày: 03/03/2025 08:34
2025-03-03T16:09:41.918934+07:00,Vàng 916 (22K),"8,086","8,336",Cập nhật ngày: 03/03/2025 08:34
2025-03-03T16:09:41.935031+07:00,Vàng 610 (14.6K),"5,310","5,560",Cập nhật ngày: 03/03/2025 08:34
2025-03-03T16:09:41.950510+07:00,Vàng 650 (15.6K),"5,674","5,924",Cập nhật ngày: 03/03/2025 08:34
2025-03-03T16:09:41.965191+07:00,Vàng 680 (16.3K),"5,946","6,196",Cập nhật ngày: 03/03/2025 08:34
2025-03-03T16:09:41.980666+07:00,Vàng 375 (9K),"3,174","3,424",Cập nhật ngày: 03/03/2025 08:34
2025-03-03T16:09:41.998278+07:00,Vàng 333 (8K),"2,765","3,015",Cập nhật ngày: 03/03/2025 08:34
2025-03-04T11:09:52.583511+07:00,Vàng miếng SJC 999.9,"8,960","9,160",Cập nhật ngày: 04/03/2025 09:29
2025-03-04T11:09:52.601311+07:00,Nhẫn Trơn PNJ 999.9,"9,100","9,210",Cập nhật ngày: 04/03/2025 09:29
2025-03-04T11:09:52.619472+07:00,Vàng Kim Bảo 999.9,"9,100","9,210",Cập nhật ngày: 04/03/2025 09:29
2025-03-04T11:09:52.639291+07:00,Vàng Phúc Lộc Tài 999.9,"9,100","9,210",Cập nhật ngày: 04/03/2025 09:29
2025-03-04T11:09:52.664995+07:00,Vàng nữ trang 999.9,"8,950","9,200",Cập nhật ngày: 04/03/2025 09:29
2025-03-04T11:09:52.682150+07:00,Vàng nữ trang 999,"8,941","9,191",Cập nhật ngày: 04/03/2025 09:29
2025-03-04T11:09:52.697592+07:00,Vàng nữ trang 9920,"8,886","9,136",Cập nhật ngày: 04/03/2025 09:29
2025-03-04T11:09:52.713439+07:00,Vàng nữ trang 99,"8,868","9,118",Cập nhật ngày: 04/03/2025 09:29
2025-03-04T11:09:52.729847+07:00,Vàng 750 (18K),"6,665","6,915",Cập nhật ngày: 04/03/2025 09:29
2025-03-04T11:09:52.746304+07:00,Vàng 585 (14K),"5,147","5,397",Cập nhật ngày: 04/03/2025 09:29
2025-03-04T11:09:52.761518+07:00,Vàng 416 (10K),"3,592","3,842",Cập nhật ngày: 04/03/2025 09:29
2025-03-04T11:09:52.777403+07:00,Vàng PNJ - Phượng Hoàng,"9,100","9,210",Cập nhật ngày: 04/03/2025 09:29
2025-03-04T11:09:52.792483+07:00,Vàng 916 (22K),"8,187","8,437",Cập nhật ngày: 04/03/2025 09:29
2025-03-04T11:09:52.806872+07:00,Vàng 610 (14.6K),"5,377","5,627",Cập nhật ngày: 04/03/2025 09:29
2025-03-04T11:09:52.822372+07:00,Vàng 650 (15.6K),"5,745","5,995",Cập nhật ngày: 04/03/2025 09:29
2025-03-04T11:09:52.837096+07:00,Vàng 680 (16.3K),"6,021","6,271",Cập nhật ngày: 04/03/2025 09:29
2025-03-04T11:09:52.851946+07:00,Vàng 375 (9K),"3,215","3,465",Cập nhật ngày: 04/03/2025 09:29
2025-03-04T11:09:52.867763+07:00,Vàng 333 (8K),"2,801","3,051",Cập nhật ngày: 04/03/2025 09:29
2025-03-04T16:08:28.428681+07:00,Vàng miếng SJC 999.9,"9,010","9,210",Cập nhật ngày: 04/03/2025 15:02
2025-03-04T16:08:28.447463+07:00,Nhẫn Trơn PNJ 999.9,"9,130","9,250",Cập nhật ngày: 04/03/2025 15:02
2025-03-04T16:08:28.465100+07:00,Vàng Kim Bảo 999.9,"9,130","9,250",Cập nhật ngày: 04/03/2025 15:02
2025-03-04T16:08:28.483637+07:00,Vàng Phúc Lộc Tài 999.9,"9,130","9,250",Cập nhật ngày: 04/03/2025 15:02
2025-03-04T16:08:28.522154+07:00,Vàng nữ trang 999.9,"8,990","9,240",Cập nhật ngày: 04/03/2025 15:02
2025-03-04T16:08:28.538467+07:00,Vàng nữ trang 999,"8,981","9,231",Cập nhật ngày: 04/03/2025 15:02
2025-03-04T16:08:28.557379+07:00,Vàng nữ trang 9920,"8,926","9,176",Cập nhật ngày: 04/03/2025 15:02
2025-03-04T16:08:28.576440+07:00,Vàng nữ trang 99,"8,908","9,158",Cập nhật ngày: 04/03/2025 15:02
2025-03-04T16:08:28.593453+07:00,Vàng 750 (18K),"6,695","6,945",Cập nhật ngày: 04/03/2025 15:02
2025-03-04T16:08:28.609213+07:00,Vàng 585 (14K),"5,170","5,420",Cập nhật ngày: 04/03/2025 15:02
2025-03-04T16:08:28.625421+07:00,Vàng 416 (10K),"3,609","3,859",Cập nhật ngày: 04/03/2025 15:02
2025-03-04T16:08:28.642483+07:00,Vàng PNJ - Phượng Hoàng,"9,130","9,250",Cập nhật ngày: 04/03/2025 15:02
2025-03-04T16:08:28.658922+07:00,Vàng 916 (22K),"8,224","8,474",Cập nhật ngày: 04/03/2025 15:02
2025-03-04T16:08:28.674297+07:00,Vàng 610 (14.6K),"5,401","5,651",Cập nhật ngày: 04/03/2025 15:02
2025-03-04T16:08:28.690801+07:00,Vàng 650 (15.6K),"5,771","6,021",Cập nhật ngày: 04/03/2025 15:02
2025-03-04T16:08:28.706232+07:00,Vàng 680 (16.3K),"6,048","6,298",Cập nhật ngày: 04/03/2025 15:02
2025-03-04T16:08:28.721769+07:00,Vàng 375 (9K),"3,230","3,480",Cập nhật ngày: 04/03/2025 15:02
2025-03-04T16:08:28.737824+07:00,Vàng 333 (8K),"2,814","3,064",Cập nhật ngày: 04/03/2025 15:02
2025-03-05T11:09:56.206681+07:00,Vàng miếng SJC 999.9,"9,070","9,270",Cập nhật ngày: 05/03/2025 09:11
2025-03-05T11:09:56.224393+07:00,Nhẫn Trơn PNJ 999.9,"9,170","9,290",Cập nhật ngày: 05/03/2025 09:11
2025-03-05T11:09:56.240981+07:00,Vàng Kim Bảo 999.9,"9,170","9,290",Cập nhật ngày: 05/03/2025 09:11
2025-03-05T11:09:56.258706+07:00,Vàng Phúc Lộc Tài 999.9,"9,170","9,290",Cập nhật ngày: 05/03/2025 09:11
2025-03-05T11:09:56.274085+07:00,Vàng nữ trang 999.9,"9,030","9,280",Cập nhật ngày: 05/03/2025 09:11
2025-03-05T11:09:56.313712+07:00,Vàng nữ trang 999,"9,021","9,271",Cập nhật ngày: 05/03/2025 09:11
2025-03-05T11:09:56.333228+07:00,Vàng nữ trang 9920,"8,966","9,216",Cập nhật ngày: 05/03/2025 09:11
2025-03-05T11:09:56.348576+07:00,Vàng nữ trang 99,"8,947","9,197",Cập nhật ngày: 05/03/2025 09:11
2025-03-05T11:09:56.364989+07:00,Vàng 750 (18K),"6,725","6,975",Cập nhật ngày: 05/03/2025 09:11
2025-03-05T11:09:56.380727+07:00,Vàng 585 (14K),"5,194","5,444",Cập nhật ngày: 05/03/2025 09:11
2025-03-05T11:09:56.396545+07:00,Vàng 416 (10K),"3,626","3,876",Cập nhật ngày: 05/03/2025 09:11
2025-03-05T11:09:56.412538+07:00,Vàng PNJ - Phượng Hoàng,"9,170","9,290",Cập nhật ngày: 05/03/2025 09:11
2025-03-05T11:09:56.428258+07:00,Vàng 916 (22K),"8,261","8,511",Cập nhật ngày: 05/03/2025 09:11
2025-03-05T11:09:56.443254+07:00,Vàng 610 (14.6K),"5,426","5,676",Cập nhật ngày: 05/03/2025 09:11
2025-03-05T11:09:56.458719+07:00,Vàng 650 (15.6K),"5,797","6,047",Cập nhật ngày: 05/03/2025 09:11
2025-03-05T11:09:56.473081+07:00,Vàng 680 (16.3K),"6,075","6,325",Cập nhật ngày: 05/03/2025 09:11
2025-03-05T11:09:56.488202+07:00,Vàng 375 (9K),"3,245","3,495",Cập nhật ngày: 05/03/2025 09:11
2025-03-05T11:09:56.503740+07:00,Vàng 333 (8K),"2,827","3,077",Cập nhật ngày: 05/03/2025 09:11
2025-03-05T16:08:35.773703+07:00,Vàng miếng SJC 999.9,"9,070","9,270",Cập nhật ngày: 05/03/2025 09:11
2025-03-05T16:08:35.790082+07:00,Nhẫn Trơn PNJ 999.9,"9,170","9,290",Cập nhật ngày: 05/03/2025 09:11
2025-03-05T16:08:35.807653+07:00,Vàng Kim Bảo 999.9,"9,170","9,290",Cập nhật ngày: 05/03/2025 09:11
2025-03-05T16:08:35.828297+07:00,Vàng Phúc Lộc Tài 999.9,"9,170","9,290",Cập nhật ngày: 05/03/2025 09:11
2025-03-05T16:08:35.855205+07:00,Vàng nữ trang 999.9,"9,030","9,280",Cập nhật ngày: 05/03/2025 09:11
2025-03-05T16:08:35.872468+07:00,Vàng nữ trang 999,"9,021","9,271",Cập nhật ngày: 05/03/2025 09:11
2025-03-05T16:08:35.887998+07:00,Vàng nữ trang 9920,"8,966","9,216",Cập nhật ngày: 05/03/2025 09:11
2025-03-05T16:08:35.903500+07:00,Vàng nữ trang 99,"8,947","9,197",Cập nhật ngày: 05/03/2025 09:11
2025-03-05T16:08:35.919691+07:00,Vàng 750 (18K),"6,725","6,975",Cập nhật ngày: 05/03/2025 09:11
2025-03-05T16:08:35.934931+07:00,Vàng 585 (14K),"5,194","5,444",Cập nhật ngày: 05/03/2025 09:11
2025-03-05T16:08:35.950411+07:00,Vàng 416 (10K),"3,626","3,876",Cập nhật ngày: 05/03/2025 09:11
2025-03-05T16:08:35.967106+07:00,Vàng PNJ - Phượng Hoàng,"9,170","9,290",Cập nhật ngày: 05/03/2025 09:11
2025-03-05T16:08:35.982440+07:00,Vàng 916 (22K),"8,261","8,511",Cập nhật ngày: 05/03/2025 09:11
2025-03-05T16:08:35.997553+07:00,Vàng 610 (14.6K),"5,426","5,676",Cập nhật ngày: 05/03/2025 09:11
2025-03-05T16:08:36.012684+07:00,Vàng 650 (15.6K),"5,797","6,047",Cập nhật ngày: 05/03/2025 09:11
2025-03-05T16:08:36.028015+07:00,Vàng 680 (16.3K),"6,075","6,325",Cập nhật ngày: 05/03/2025 09:11
2025-03-05T16:08:36.047641+07:00,Vàng 375 (9K),"3,245","3,495",Cập nhật ngày: 05/03/2025 09:11
2025-03-05T16:08:36.064519+07:00,Vàng 333 (8K),"2,827","3,077",Cập nhật ngày: 05/03/2025 09:11
2025-03-06T11:09:54.166188+07:00,Vàng miếng SJC 999.9,"9,100","9,300",Cập nhật ngày: 06/03/2025 09:19
2025-03-06T11:09:54.183449+07:00,Nhẫn Trơn PNJ 999.9,"9,180","9,300",Cập nhật ngày: 06/03/2025 09:19
2025-03-06T11:09:54.198947+07:00,Vàng Kim Bảo 999.9,"9,180","9,300",Cập nhật ngày: 06/03/2025 09:19
2025-03-06T11:09:54.217329+07:00,Vàng Phúc Lộc Tài 999.9,"9,180","9,300",Cập nhật ngày: 06/03/2025 09:19
2025-03-06T11:09:54.235255+07:00,Vàng nữ trang 999.9,"9,040","9,290",Cập nhật ngày: 06/03/2025 09:19
2025-03-06T11:09:54.249761+07:00,Vàng nữ trang 999,"9,031","9,281",Cập nhật ngày: 06/03/2025 09:19
2025-03-06T11:09:54.265413+07:00,Vàng nữ trang 9920,"8,976","9,226",Cập nhật ngày: 06/03/2025 09:19
2025-03-06T11:09:54.281223+07:00,Vàng nữ trang 99,"8,957","9,207",Cập nhật ngày: 06/03/2025 09:19
2025-03-06T11:09:54.295780+07:00,Vàng 750 (18K),"6,733","6,983",Cập nhật ngày: 06/03/2025 09:19
2025-03-06T11:09:54.312626+07:00,Vàng 585 (14K),"5,200","5,450",Cập nhật ngày: 06/03/2025 09:19
2025-03-06T11:09:54.328919+07:00,Vàng 416 (10K),"3,630","3,880",Cập nhật ngày: 06/03/2025 09:19
2025-03-06T11:09:54.344516+07:00,Vàng PNJ - Phượng Hoàng,"9,180","9,300",Cập nhật ngày: 06/03/2025 09:19
2025-03-06T11:09:54.359897+07:00,Vàng 916 (22K),"8,270","8,520",Cập nhật ngày: 06/03/2025 09:19
2025-03-06T11:09:54.375054+07:00,Vàng 610 (14.6K),"5,432","5,682",Cập nhật ngày: 06/03/2025 09:19
2025-03-06T11:09:54.389573+07:00,Vàng 650 (15.6K),"5,804","6,054",Cập nhật ngày: 06/03/2025 09:19
2025-03-06T11:09:54.404266+07:00,Vàng 680 (16.3K),"6,082","6,332",Cập nhật ngày: 06/03/2025 09:19
2025-03-06T11:09:54.418591+07:00,Vàng 375 (9K),"3,249","3,499",Cập nhật ngày: 06/03/2025 09:19
2025-03-06T11:09:54.434051+07:00,Vàng 333 (8K),"2,831","3,081",Cập nhật ngày: 06/03/2025 09:19
2025-03-06T16:08:35.754819+07:00,Vàng miếng SJC 999.9,"9,100","9,300",Cập nhật ngày: 06/03/2025 13:34
2025-03-06T16:08:35.771407+07:00,Nhẫn Trơn PNJ 999.9,"9,180","9,320",Cập nhật ngày: 06/03/2025 13:34
2025-03-06T16:08:35.786751+07:00,Vàng Kim Bảo 999.9,"9,180","9,320",Cập nhật ngày: 06/03/2025 13:34
2025-03-06T16:08:35.803307+07:00,Vàng Phúc Lộc Tài 999.9,"9,180","9,320",Cập nhật ngày: 06/03/2025 13:34
2025-03-06T16:08:35.818135+07:00,Vàng nữ trang 999.9,"9,060","9,310",Cập nhật ngày: 06/03/2025 13:34
2025-03-06T16:08:35.833316+07:00,Vàng nữ trang 999,"9,051","9,301",Cập nhật ngày: 06/03/2025 13:34
2025-03-06T16:08:35.848332+07:00,Vàng nữ trang 9920,"8,996","9,246",Cập nhật ngày: 06/03/2025 13:34
2025-03-06T16:08:35.868620+07:00,Vàng nữ trang 99,"8,977","9,227",Cập nhật ngày: 06/03/2025 13:34
2025-03-06T16:08:35.883004+07:00,Vàng 750 (18K),"6,748","6,998",Cập nhật ngày: 06/03/2025 13:34
2025-03-06T16:08:35.898100+07:00,Vàng 585 (14K),"5,211","5,461",Cập nhật ngày: 06/03/2025 13:34
2025-03-06T16:08:35.912545+07:00,Vàng 416 (10K),"3,638","3,888",Cập nhật ngày: 06/03/2025 13:34
2025-03-06T16:08:35.927772+07:00,Vàng PNJ - Phượng Hoàng,"9,180","9,320",Cập nhật ngày: 06/03/2025 13:34
2025-03-06T16:08:35.943362+07:00,Vàng 916 (22K),"8,288","8,538",Cập nhật ngày: 06/03/2025 13:34
2025-03-06T16:08:35.957669+07:00,Vàng 610 (14.6K),"5,444","5,694",Cập nhật ngày: 06/03/2025 13:34
2025-03-06T16:08:35.971531+07:00,Vàng 650 (15.6K),"5,817","6,067",Cập nhật ngày: 06/03/2025 13:34
2025-03-06T16:08:35.985438+07:00,Vàng 680 (16.3K),"6,096","6,346",Cập nhật ngày: 06/03/2025 13:34
2025-03-06T16:08:35.999376+07:00,Vàng 375 (9K),"3,256","3,506",Cập nhật ngày: 06/03/2025 13:34
2025-03-06T16:08:36.013916+07:00,Vàng 333 (8K),"2,837","3,087",Cập nhật ngày: 06/03/2025 13:34
2025-03-07T11:10:07.397637+07:00,Vàng miếng SJC 999.9,"9,070","9,270",Cập nhật ngày: 07/03/2025 08:06
2025-03-07T11:10:07.414082+07:00,Nhẫn Trơn PNJ 999.9,"9,150","9,290",Cập nhật ngày: 07/03/2025 08:06
2025-03-07T11:10:07.431067+07:00,Vàng Kim Bảo 999.9,"9,150","9,290",Cập nhật ngày: 07/03/2025 08:06
2025-03-07T11:10:07.448758+07:00,Vàng Phúc Lộc Tài 999.9,"9,150","9,290",Cập nhật ngày: 07/03/2025 08:06
2025-03-07T11:10:07.465248+07:00,Vàng nữ trang 999.9,"9,040","9,290",Cập nhật ngày: 07/03/2025 08:06
2025-03-07T11:10:07.482635+07:00,Vàng nữ trang 999,"9,031","9,281",Cập nhật ngày: 07/03/2025 08:06
2025-03-07T11:10:07.498840+07:00,Vàng nữ trang 9920,"8,976","9,226",Cập nhật ngày: 07/03/2025 08:06
2025-03-07T11:10:07.513398+07:00,Vàng nữ trang 99,"8,957","9,207",Cập nhật ngày: 07/03/2025 08:06
2025-03-07T11:10:07.528289+07:00,Vàng 750 (18K),"6,733","6,983",Cập nhật ngày: 07/03/2025 08:06
2025-03-07T11:10:07.544743+07:00,Vàng 585 (14K),"5,200","5,450",Cập nhật ngày: 07/03/2025 08:06
2025-03-07T11:10:07.560160+07:00,Vàng 416 (10K),"3,630","3,880",Cập nhật ngày: 07/03/2025 08:06
2025-03-07T11:10:07.575456+07:00,Vàng PNJ - Phượng Hoàng,"9,150","9,290",Cập nhật ngày: 07/03/2025 08:06
2025-03-07T11:10:07.590694+07:00,Vàng 916 (22K),"8,270","8,520",Cập nhật ngày: 07/03/2025 08:06
2025-03-07T11:10:07.606034+07:00,Vàng 610 (14.6K),"5,432","5,682",Cập nhật ngày: 07/03/2025 08:06
2025-03-07T11:10:07.621992+07:00,Vàng 650 (15.6K),"5,804","6,054",Cập nhật ngày: 07/03/2025 08:06
2025-03-07T11:10:07.636827+07:00,Vàng 680 (16.3K),"6,082","6,332",Cập nhật ngày: 07/03/2025 08:06
2025-03-07T11:10:07.650846+07:00,Vàng 375 (9K),"3,249","3,499",Cập nhật ngày: 07/03/2025 08:06
2025-03-07T11:10:07.667514+07:00,Vàng 333 (8K),"2,831","3,081",Cập nhật ngày: 07/03/2025 08:06
2025-03-07T16:08:13.593740+07:00,Vàng miếng SJC 999.9,"9,090","9,290",Cập nhật ngày: 07/03/2025 15:51
2025-03-07T16:08:13.610022+07:00,Nhẫn Trơn PNJ 999.9,"9,170","9,320",Cập nhật ngày: 07/03/2025 15:51
2025-03-07T16:08:13.628275+07:00,Vàng Kim Bảo 999.9,"9,170","9,320",Cập nhật ngày: 07/03/2025 15:51
2025-03-07T16:08:13.645196+07:00,Vàng Phúc Lộc Tài 999.9,"9,170","9,320",Cập nhật ngày: 07/03/2025 15:51
2025-03-07T16:08:13.660594+07:00,Vàng nữ trang 999.9,"9,060","9,310",Cập nhật ngày: 07/03/2025 15:51
2025-03-07T16:08:13.685512+07:00,Vàng nữ trang 999,"9,051","9,301",Cập nhật ngày: 07/03/2025 15:51
2025-03-07T16:08:13.701397+07:00,Vàng nữ trang 9920,"8,996","9,246",Cập nhật ngày: 07/03/2025 15:51
2025-03-07T16:08:13.725794+07:00,Vàng nữ trang 99,"8,977","9,227",Cập nhật ngày: 07/03/2025 15:51
2025-03-07T16:08:13.754629+07:00,Vàng 750 (18K),"6,748","6,998",Cập nhật ngày: 07/03/2025 15:51
2025-03-07T16:08:13.773817+07:00,Vàng 585 (14K),"5,211","5,461",Cập nhật ngày: 07/03/2025 15:51
2025-03-07T16:08:13.800107+07:00,Vàng 416 (10K),"3,638","3,888",Cập nhật ngày: 07/03/2025 15:51
2025-03-07T16:08:13.816540+07:00,Vàng PNJ - Phượng Hoàng,"9,170","9,320",Cập nhật ngày: 07/03/2025 15:51
2025-03-07T16:08:13.833065+07:00,Vàng 916 (22K),"8,288","8,538",Cập nhật ngày: 07/03/2025 15:51
2025-03-07T16:08:13.848784+07:00,Vàng 610 (14.6K),"5,444","5,694",Cập nhật ngày: 07/03/2025 15:51
2025-03-07T16:08:13.863466+07:00,Vàng 650 (15.6K),"5,817","6,067",Cập nhật ngày: 07/03/2025 15:51
2025-03-07T16:08:13.878071+07:00,Vàng 680 (16.3K),"6,096","6,346",Cập nhật ngày: 07/03/2025 15:51
2025-03-07T16:08:13.893051+07:00,Vàng 375 (9K),"3,256","3,506",Cập nhật ngày: 07/03/2025 15:51
2025-03-07T16:08:13.910713+07:00,Vàng 333 (8K),"2,837","3,087",Cập nhật ngày: 07/03/2025 15:51
2025-03-08T11:07:47.431200+07:00,Vàng miếng SJC 999.9,"9,090","9,290",Cập nhật ngày: 08/03/2025 08:50
2025-03-08T11:07:47.447495+07:00,Nhẫn Trơn PNJ 999.9,"9,170","9,320",Cập nhật ngày: 08/03/2025 08:50
2025-03-08T11:07:47.463227+07:00,Vàng Kim Bảo 999.9,"9,170","9,320",Cập nhật ngày: 08/03/2025 08:50
2025-03-08T11:07:47.480760+07:00,Vàng Phúc Lộc Tài 999.9,"9,170","9,320",Cập nhật ngày: 08/03/2025 08:50
2025-03-08T11:07:47.495443+07:00,Vàng nữ trang 999.9,"9,060","9,310",Cập nhật ngày: 08/03/2025 08:50
2025-03-08T11:07:47.510064+07:00,Vàng nữ trang 999,"9,051","9,301",Cập nhật ngày: 08/03/2025 08:50
2025-03-08T11:07:47.525117+07:00,Vàng nữ trang 9920,"8,996","9,246",Cập nhật ngày: 08/03/2025 08:50
2025-03-08T11:07:47.539522+07:00,Vàng nữ trang 99,"8,977","9,227",Cập nhật ngày: 08/03/2025 08:50
2025-03-08T11:07:47.554185+07:00,Vàng 750 (18K),"6,748","6,998",Cập nhật ngày: 08/03/2025 08:50
2025-03-08T11:07:47.574510+07:00,Vàng 585 (14K),"5,211","5,461",Cập nhật ngày: 08/03/2025 08:50
2025-03-08T11:07:47.589905+07:00,Vàng 416 (10K),"3,638","3,888",Cập nhật ngày: 08/03/2025 08:50
2025-03-08T11:07:47.605078+07:00,Vàng PNJ - Phượng Hoàng,"9,170","9,320",Cập nhật ngày: 08/03/2025 08:50
2025-03-08T11:07:47.619572+07:00,Vàng 916 (22K),"8,288","8,538",Cập nhật ngày: 08/03/2025 08:50
2025-03-08T11:07:47.633753+07:00,Vàng 610 (14.6K),"5,444","5,694",Cập nhật ngày: 08/03/2025 08:50
2025-03-08T11:07:47.648381+07:00,Vàng 650 (15.6K),"5,817","6,067",Cập nhật ngày: 08/03/2025 08:50
2025-03-08T11:07:47.662527+07:00,Vàng 680 (16.3K),"6,096","6,346",Cập nhật ngày: 08/03/2025 08:50
2025-03-08T11:07:47.676863+07:00,Vàng 375 (9K),"3,256","3,506",Cập nhật ngày: 08/03/2025 08:50
2025-03-08T11:07:47.692197+07:00,Vàng 333 (8K),"2,837","3,087",Cập nhật ngày: 08/03/2025 08:50
2025-03-08T16:02:12.572494+07:00,Vàng miếng SJC 999.9,"9,090","9,290",Cập nhật ngày: 08/03/2025 08:50
2025-03-08T16:02:12.589429+07:00,Nhẫn Trơn PNJ 999.9,"9,170","9,320",Cập nhật ngày: 08/03/2025 08:50
2025-03-08T16:02:12.605443+07:00,Vàng Kim Bảo 999.9,"9,170","9,320",Cập nhật ngày: 08/03/2025 08:50
2025-03-08T16:02:12.623190+07:00,Vàng Phúc Lộc Tài 999.9,"9,170","9,320",Cập nhật ngày: 08/03/2025 08:50
2025-03-08T16:02:12.640287+07:00,Vàng nữ trang 999.9,"9,060","9,310",Cập nhật ngày: 08/03/2025 08:50
2025-03-08T16:02:12.656825+07:00,Vàng nữ trang 999,"9,051","9,301",Cập nhật ngày: 08/03/2025 08:50
2025-03-08T16:02:12.672245+07:00,Vàng nữ trang 9920,"8,996","9,246",Cập nhật ngày: 08/03/2025 08:50
2025-03-08T16:02:12.687722+07:00,Vàng nữ trang 99,"8,977","9,227",Cập nhật ngày: 08/03/2025 08:50
2025-03-08T16:02:12.702487+07:00,Vàng 750 (18K),"6,748","6,998",Cập nhật ngày: 08/03/2025 08:50
2025-03-08T16:02:12.719089+07:00,Vàng 585 (14K),"5,211","5,461",Cập nhật ngày: 08/03/2025 08:50
2025-03-08T16:02:12.734603+07:00,Vàng 416 (10K),"3,638","3,888",Cập nhật ngày: 08/03/2025 08:50
2025-03-08T16:02:12.749984+07:00,Vàng PNJ - Phượng Hoàng,"9,170","9,320",Cập nhật ngày: 08/03/2025 08:50
2025-03-08T16:02:12.765711+07:00,Vàng 916 (22K),"8,288","8,538",Cập nhật ngày: 08/03/2025 08:50
2025-03-08T16:02:12.780060+07:00,Vàng 610 (14.6K),"5,444","5,694",Cập nhật ngày: 08/03/2025 08:50
2025-03-08T16:02:12.795069+07:00,Vàng 650 (15.6K),"5,817","6,067",Cập nhật ngày: 08/03/2025 08:50
2025-03-08T16:02:12.809365+07:00,Vàng 680 (16.3K),"6,096","6,346",Cập nhật ngày: 08/03/2025 08:50
2025-03-08T16:02:12.827002+07:00,Vàng 375 (9K),"3,256","3,506",Cập nhật ngày: 08/03/2025 08:50
2025-03-08T16:02:12.842932+07:00,Vàng 333 (8K),"2,837","3,087",Cập nhật ngày: 08/03/2025 08:50
2025-03-09T11:07:45.551363+07:00,Vàng miếng SJC 999.9,"9,090","9,290",Cập nhật ngày: 08/03/2025 08:50
2025-03-09T11:07:45.567871+07:00,Nhẫn Trơn PNJ 999.9,"9,170","9,320",Cập nhật ngày: 08/03/2025 08:50
2025-03-09T11:07:45.583807+07:00,Vàng Kim Bảo 999.9,"9,170","9,320",Cập nhật ngày: 08/03/2025 08:50
2025-03-09T11:07:45.600409+07:00,Vàng Phúc Lộc Tài 999.9,"9,170","9,320",Cập nhật ngày: 08/03/2025 08:50
2025-03-09T11:07:45.615370+07:00,Vàng nữ trang 999.9,"9,060","9,310",Cập nhật ngày: 08/03/2025 08:50
2025-03-09T11:07:45.631947+07:00,Vàng nữ trang 999,"9,051","9,301",Cập nhật ngày: 08/03/2025 08:50
2025-03-09T11:07:45.647587+07:00,Vàng nữ trang 9920,"8,996","9,246",Cập nhật ngày: 08/03/2025 08:50
2025-03-09T11:07:45.704981+07:00,Vàng nữ trang 99,"8,977","9,227",Cập nhật ngày: 08/03/2025 08:50
2025-03-09T11:07:45.807768+07:00,Vàng 750 (18K),"6,748","6,998",Cập nhật ngày: 08/03/2025 08:50
2025-03-09T11:07:45.840286+07:00,Vàng 585 (14K),"5,211","5,461",Cập nhật ngày: 08/03/2025 08:50
2025-03-09T11:07:45.855258+07:00,Vàng 416 (10K),"3,638","3,888",Cập nhật ngày: 08/03/2025 08:50
2025-03-09T11:07:45.871342+07:00,Vàng PNJ - Phượng Hoàng,"9,170","9,320",Cập nhật ngày: 08/03/2025 08:50
2025-03-09T11:07:45.887250+07:00,Vàng 916 (22K),"8,288","8,538",Cập nhật ngày: 08/03/2025 08:50
2025-03-09T11:07:45.901890+07:00,Vàng 610 (14.6K),"5,444","5,694",Cập nhật ngày: 08/03/2025 08:50
2025-03-09T11:07:45.916222+07:00,Vàng 650 (15.6K),"5,817","6,067",Cập nhật ngày: 08/03/2025 08:50
2025-03-09T11:07:45.931971+07:00,Vàng 680 (16.3K),"6,096","6,346",Cập nhật ngày: 08/03/2025 08:50
2025-03-09T11:07:45.948945+07:00,Vàng 375 (9K),"3,256","3,506",Cập nhật ngày: 08/03/2025 08:50
2025-03-09T11:07:45.964624+07:00,Vàng 333 (8K),"2,837","3,087",Cập nhật ngày: 08/03/2025 08:50
2025-03-09T16:01:55.292461+07:00,Vàng miếng SJC 999.9,"9,090","9,290",Cập nhật ngày: 08/03/2025 08:50
2025-03-09T16:01:55.310364+07:00,Nhẫn Trơn PNJ 999.9,"9,170","9,320",Cập nhật ngày: 08/03/2025 08:50
2025-03-09T16:01:55.327568+07:00,Vàng Kim Bảo 999.9,"9,170","9,320",Cập nhật ngày: 08/03/2025 08:50
2025-03-09T16:01:55.345720+07:00,Vàng Phúc Lộc Tài 999.9,"9,170","9,320",Cập nhật ngày: 08/03/2025 08:50
2025-03-09T16:01:55.364916+07:00,Vàng nữ trang 999.9,"9,060","9,310",Cập nhật ngày: 08/03/2025 08:50
2025-03-09T16:01:55.379403+07:00,Vàng nữ trang 999,"9,051","9,301",Cập nhật ngày: 08/03/2025 08:50
2025-03-09T16:01:55.395000+07:00,Vàng nữ trang 9920,"8,996","9,246",Cập nhật ngày: 08/03/2025 08:50
2025-03-09T16:01:55.411021+07:00,Vàng nữ trang 99,"8,977","9,227",Cập nhật ngày: 08/03/2025 08:50
2025-03-09T16:01:55.426458+07:00,Vàng 750 (18K),"6,748","6,998",Cập nhật ngày: 08/03/2025 08:50
2025-03-09T16:01:55.441954+07:00,Vàng 585 (14K),"5,211","5,461",Cập nhật ngày: 08/03/2025 08:50
2025-03-09T16:01:55.457267+07:00,Vàng 416 (10K),"3,638","3,888",Cập nhật ngày: 08/03/2025 08:50
2025-03-09T16:01:55.473533+07:00,Vàng PNJ - Phượng Hoàng,"9,170","9,320",Cập nhật ngày: 08/03/2025 08:50
2025-03-09T16:01:55.489206+07:00,Vàng 916 (22K),"8,288","8,538",Cập nhật ngày: 08/03/2025 08:50
2025-03-09T16:01:55.504066+07:00,Vàng 610 (14.6K),"5,444","5,694",Cập nhật ngày: 08/03/2025 08:50
2025-03-09T16:01:55.519525+07:00,Vàng 650 (15.6K),"5,817","6,067",Cập nhật ngày: 08/03/2025 08:50
2025-03-09T16:01:55.533580+07:00,Vàng 680 (16.3K),"6,096","6,346",Cập nhật ngày: 08/03/2025 08:50
2025-03-09T16:01:55.550707+07:00,Vàng 375 (9K),"3,256","3,506",Cập nhật ngày: 08/03/2025 08:50
2025-03-09T16:01:55.568576+07:00,Vàng 333 (8K),"2,837","3,087",Cập nhật ngày: 08/03/2025 08:50
2025-03-10T11:08:14.728764+07:00,Vàng miếng SJC 999.9,"9,110","9,310",Cập nhật ngày: 10/03/2025 08:29
2025-03-10T11:08:14.744507+07:00,Nhẫn Trơn PNJ 999.9,"9,170","9,320",Cập nhật ngày: 10/03/2025 08:29
2025-03-10T11:08:14.760386+07:00,Vàng Kim Bảo 999.9,"9,170","9,320",Cập nhật ngày: 10/03/2025 08:29
2025-03-10T11:08:14.776673+07:00,Vàng Phúc Lộc Tài 999.9,"9,170","9,320",Cập nhật ngày: 10/03/2025 08:29
2025-03-10T11:08:14.791800+07:00,Vàng nữ trang 999.9,"9,060","9,310",Cập nhật ngày: 10/03/2025 08:29
2025-03-10T11:08:14.806196+07:00,Vàng nữ trang 999,"9,051","9,301",Cập nhật ngày: 10/03/2025 08:29
2025-03-10T11:08:14.820382+07:00,Vàng nữ trang 9920,"8,996","9,246",Cập nhật ngày: 10/03/2025 08:29
2025-03-10T11:08:14.835714+07:00,Vàng nữ trang 99,"8,977","9,227",Cập nhật ngày: 10/03/2025 08:29
2025-03-10T11:08:14.851521+07:00,Vàng 750 (18K),"6,748","6,998",Cập nhật ngày: 10/03/2025 08:29
2025-03-10T11:08:14.875273+07:00,Vàng 585 (14K),"5,211","5,461",Cập nhật ngày: 10/03/2025 08:29
2025-03-10T11:08:14.893734+07:00,Vàng 416 (10K),"3,638","3,888",Cập nhật ngày: 10/03/2025 08:29
2025-03-10T11:08:14.910906+07:00,Vàng PNJ - Phượng Hoàng,"9,170","9,320",Cập nhật ngày: 10/03/2025 08:29
2025-03-10T11:08:14.926536+07:00,Vàng 916 (22K),"8,288","8,538",Cập nhật ngày: 10/03/2025 08:29
2025-03-10T11:08:14.940754+07:00,Vàng 610 (14.6K),"5,444","5,694",Cập nhật ngày: 10/03/2025 08:29
2025-03-10T11:08:14.954910+07:00,Vàng 650 (15.6K),"5,817","6,067",Cập nhật ngày: 10/03/2025 08:29
2025-03-10T11:08:14.969041+07:00,Vàng 680 (16.3K),"6,096","6,346",Cập nhật ngày: 10/03/2025 08:29
2025-03-10T11:08:14.983239+07:00,Vàng 375 (9K),"3,256","3,506",Cập nhật ngày: 10/03/2025 08:29
2025-03-10T11:08:14.999275+07:00,Vàng 333 (8K),"2,837","3,087",Cập nhật ngày: 10/03/2025 08:29
2025-03-10T16:07:55.423485+07:00,Vàng miếng SJC 999.9,"9,090","9,290",Cập nhật ngày: 10/03/2025 15:43
2025-03-10T16:07:55.440134+07:00,Nhẫn Trơn PNJ 999.9,"9,180","9,335",Cập nhật ngày: 10/03/2025 15:43
2025-03-10T16:07:55.456689+07:00,Vàng Kim Bảo 999.9,"9,180","9,335",Cập nhật ngày: 10/03/2025 15:43
2025-03-10T16:07:55.474096+07:00,Vàng Phúc Lộc Tài 999.9,"9,180","9,335",Cập nhật ngày: 10/03/2025 15:43
2025-03-10T16:07:55.489384+07:00,Vàng nữ trang 999.9,"9,080","9,330",Cập nhật ngày: 10/03/2025 15:43
2025-03-10T16:07:55.504658+07:00,Vàng nữ trang 999,"9,071","9,321",Cập nhật ngày: 10/03/2025 15:43
2025-03-10T16:07:55.519250+07:00,Vàng nữ trang 9920,"9,015","9,265",Cập nhật ngày: 10/03/2025 15:43
2025-03-10T16:07:55.535682+07:00,Vàng nữ trang 99,"8,997","9,247",Cập nhật ngày: 10/03/2025 15:43
2025-03-10T16:07:55.552818+07:00,Vàng 750 (18K),"6,763","7,013",Cập nhật ngày: 10/03/2025 15:43
2025-03-10T16:07:55.569647+07:00,Vàng 585 (14K),"5,223","5,473",Cập nhật ngày: 10/03/2025 15:43
2025-03-10T16:07:55.585145+07:00,Vàng 416 (10K),"3,646","3,896",Cập nhật ngày: 10/03/2025 15:43
2025-03-10T16:07:55.600219+07:00,Vàng PNJ - Phượng Hoàng,"9,180","9,335",Cập nhật ngày: 10/03/2025 15:43
2025-03-10T16:07:55.615430+07:00,Vàng 916 (22K),"8,306","8,556",Cập nhật ngày: 10/03/2025 15:43
2025-03-10T16:07:55.630414+07:00,Vàng 610 (14.6K),"5,456","5,706",Cập nhật ngày: 10/03/2025 15:43
2025-03-10T16:07:55.644750+07:00,Vàng 650 (15.6K),"5,830","6,080",Cập nhật ngày: 10/03/2025 15:43
2025-03-10T16:07:55.658583+07:00,Vàng 680 (16.3K),"6,109","6,359",Cập nhật ngày: 10/03/2025 15:43
2025-03-10T16:07:55.673055+07:00,Vàng 375 (9K),"3,264","3,514",Cập nhật ngày: 10/03/2025 15:43
2025-03-10T16:07:55.688003+07:00,Vàng 333 (8K),"2,844","3,094",Cập nhật ngày: 10/03/2025 15:43
2025-03-11T11:09:51.962129+07:00,Vàng miếng SJC 999.9,"9,080","9,280",Cập nhật ngày: 11/03/2025 09:34
2025-03-11T11:09:51.977893+07:00,Nhẫn Trơn PNJ 999.9,"9,160","9,320",Cập nhật ngày: 11/03/2025 09:34
2025-03-11T11:09:51.993697+07:00,Vàng Kim Bảo 999.9,"9,160","9,320",Cập nhật ngày: 11/03/2025 09:34
2025-03-11T11:09:52.012068+07:00,Vàng Phúc Lộc Tài 999.9,"9,160","9,320",Cập nhật ngày: 11/03/2025 09:34
2025-03-11T11:09:52.026377+07:00,Vàng nữ trang 999.9,"9,060","9,310",Cập nhật ngày: 11/03/2025 09:34
2025-03-11T11:09:52.041629+07:00,Vàng nữ trang 999,"9,051","9,301",Cập nhật ngày: 11/03/2025 09:34
2025-03-11T11:09:52.058458+07:00,Vàng nữ trang 9920,"8,996","9,246",Cập nhật ngày: 11/03/2025 09:34
2025-03-11T11:09:52.076189+07:00,Vàng nữ trang 99,"8,977","9,227",Cập nhật ngày: 11/03/2025 09:34
2025-03-11T11:09:52.091697+07:00,Vàng 750 (18K),"6,748","6,998",Cập nhật ngày: 11/03/2025 09:34
2025-03-11T11:09:52.107301+07:00,Vàng 585 (14K),"5,211","5,461",Cập nhật ngày: 11/03/2025 09:34
2025-03-11T11:09:52.122187+07:00,Vàng 416 (10K),"3,638","3,888",Cập nhật ngày: 11/03/2025 09:34
2025-03-11T11:09:52.137677+07:00,Vàng PNJ - Phượng Hoàng,"9,160","9,320",Cập nhật ngày: 11/03/2025 09:34
2025-03-11T11:09:52.152624+07:00,Vàng 916 (22K),"8,288","8,538",Cập nhật ngày: 11/03/2025 09:34
2025-03-11T11:09:52.167454+07:00,Vàng 610 (14.6K),"5,444","5,694",Cập nhật ngày: 11/03/2025 09:34
2025-03-11T11:09:52.182203+07:00,Vàng 650 (15.6K),"5,817","6,067",Cập nhật ngày: 11/03/2025 09:34
2025-03-11T11:09:52.196165+07:00,Vàng 680 (16.3K),"6,096","6,346",Cập nhật ngày: 11/03/2025 09:34
2025-03-11T11:09:52.210894+07:00,Vàng 375 (9K),"3,256","3,506",Cập nhật ngày: 11/03/2025 09:34
2025-03-11T11:09:52.226844+07:00,Vàng 333 (8K),"2,837","3,087",Cập nhật ngày: 11/03/2025 09:34
2025-03-11T16:08:42.992808+07:00,Vàng miếng SJC 999.9,"9,080","9,280",Cập nhật ngày: 11/03/2025 15:35
2025-03-11T16:08:43.011406+07:00,Nhẫn Trơn PNJ 999.9,"9,190","9,330",Cập nhật ngày: 11/03/2025 15:35
2025-03-11T16:08:43.029293+07:00,Vàng Kim Bảo 999.9,"9,190","9,330",Cập nhật ngày: 11/03/2025 15:35
2025-03-11T16:08:43.049871+07:00,Vàng Phúc Lộc Tài 999.9,"9,190","9,330",Cập nhật ngày: 11/03/2025 15:35
2025-03-11T16:08:43.069971+07:00,Vàng nữ trang 999.9,"9,070","9,320",Cập nhật ngày: 11/03/2025 15:35
2025-03-11T16:08:43.085627+07:00,Vàng nữ trang 999,"9,061","9,311",Cập nhật ngày: 11/03/2025 15:35
2025-03-11T16:08:43.104928+07:00,Vàng nữ trang 9920,"9,005","9,255",Cập nhật ngày: 11/03/2025 15:35
2025-03-11T16:08:43.121626+07:00,Vàng nữ trang 99,"8,987","9,237",Cập nhật ngày: 11/03/2025 15:35
2025-03-11T16:08:43.137586+07:00,Vàng 750 (18K),"6,755","7,005",Cập nhật ngày: 11/03/2025 15:35
2025-03-11T16:08:43.157066+07:00,Vàng 585 (14K),"5,217","5,467",Cập nhật ngày: 11/03/2025 15:35
2025-03-11T16:08:43.176596+07:00,Vàng 416 (10K),"3,642","3,892",Cập nhật ngày: 11/03/2025 15:35
2025-03-11T16:08:43.194360+07:00,Vàng PNJ - Phượng Hoàng,"9,190","9,330",Cập nhật ngày: 11/03/2025 15:35
2025-03-11T16:08:43.210903+07:00,Vàng 916 (22K),"8,297","8,547",Cập nhật ngày: 11/03/2025 15:35
2025-03-11T16:08:43.228259+07:00,Vàng 610 (14.6K),"5,450","5,700",Cập nhật ngày: 11/03/2025 15:35
2025-03-11T16:08:43.243574+07:00,Vàng 650 (15.6K),"5,823","6,073",Cập nhật ngày: 11/03/2025 15:35
2025-03-11T16:08:43.261207+07:00,Vàng 680 (16.3K),"6,103","6,353",Cập nhật ngày: 11/03/2025 15:35
2025-03-11T16:08:43.276610+07:00,Vàng 375 (9K),"3,260","3,510",Cập nhật ngày: 11/03/2025 15:35
2025-03-11T16:08:43.292315+07:00,Vàng 333 (8K),"2,841","3,091",Cập nhật ngày: 11/03/2025 15:35
2025-03-12T11:10:08.837603+07:00,Vàng miếng SJC 999.9,"9,160","9,330",Cập nhật ngày: 12/03/2025 09:06
2025-03-12T11:10:08.855947+07:00,Nhẫn Trơn PNJ 999.9,"9,220","9,370",Cập nhật ngày: 12/03/2025 09:06
2025-03-12T11:10:08.873401+07:00,Vàng Kim Bảo 999.9,"9,220","9,370",Cập nhật ngày: 12/03/2025 09:06
2025-03-12T11:10:08.894101+07:00,Vàng Phúc Lộc Tài 999.9,"9,220","9,370",Cập nhật ngày: 12/03/2025 09:06
2025-03-12T11:10:08.911685+07:00,Vàng nữ trang 999.9,"9,110","9,360",Cập nhật ngày: 12/03/2025 09:06
2025-03-12T11:10:08.930386+07:00,Vàng nữ trang 999,"9,101","9,351",Cập nhật ngày: 12/03/2025 09:06
2025-03-12T11:10:08.948882+07:00,Vàng nữ trang 9920,"9,045","9,295",Cập nhật ngày: 12/03/2025 09:06
2025-03-12T11:10:08.968086+07:00,Vàng nữ trang 99,"9,026","9,276",Cập nhật ngày: 12/03/2025 09:06
2025-03-12T11:10:08.984441+07:00,Vàng 750 (18K),"6,785","7,035",Cập nhật ngày: 12/03/2025 09:06
2025-03-12T11:10:09.002063+07:00,Vàng 585 (14K),"5,241","5,491",Cập nhật ngày: 12/03/2025 09:06
2025-03-12T11:10:09.020026+07:00,Vàng 416 (10K),"3,659","3,909",Cập nhật ngày: 12/03/2025 09:06
2025-03-12T11:10:09.037906+07:00,Vàng PNJ - Phượng Hoàng,"9,220","9,370",Cập nhật ngày: 12/03/2025 09:06
2025-03-12T11:10:09.056236+07:00,Vàng 916 (22K),"8,334","8,584",Cập nhật ngày: 12/03/2025 09:06
2025-03-12T11:10:09.074306+07:00,Vàng 610 (14.6K),"5,475","5,725",Cập nhật ngày: 12/03/2025 09:06
2025-03-12T11:10:09.091670+07:00,Vàng 650 (15.6K),"5,849","6,099",Cập nhật ngày: 12/03/2025 09:06
2025-03-12T11:10:09.108999+07:00,Vàng 680 (16.3K),"6,130","6,380",Cập nhật ngày: 12/03/2025 09:06
2025-03-12T11:10:09.127645+07:00,Vàng 375 (9K),"3,275","3,525",Cập nhật ngày: 12/03/2025 09:06
2025-03-12T11:10:09.145217+07:00,Vàng 333 (8K),"2,854","3,104",Cập nhật ngày: 12/03/2025 09:06
2025-03-12T16:08:25.438886+07:00,Vàng miếng SJC 999.9,"9,180","9,350",Cập nhật ngày: 12/03/2025 13:36
2025-03-12T16:08:25.454367+07:00,Nhẫn Trơn PNJ 999.9,"9,230","9,390",Cập nhật ngày: 12/03/2025 13:36
2025-03-12T16:08:25.469817+07:00,Vàng Kim Bảo 999.9,"9,230","9,390",Cập nhật ngày: 12/03/2025 13:36
2025-03-12T16:08:25.487094+07:00,Vàng Phúc Lộc Tài 999.9,"9,230","9,390",Cập nhật ngày: 12/03/2025 13:36
2025-03-12T16:08:25.502771+07:00,Vàng nữ trang 999.9,"9,130","9,380",Cập nhật ngày: 12/03/2025 13:36
2025-03-12T16:08:25.518098+07:00,Vàng nữ trang 999,"9,121","9,371",Cập nhật ngày: 12/03/2025 13:36
2025-03-12T16:08:25.536777+07:00,Vàng nữ trang 9920,"9,065","9,315",Cập nhật ngày: 12/03/2025 13:36
2025-03-12T16:08:25.552420+07:00,Vàng nữ trang 99,"9,046","9,296",Cập nhật ngày: 12/03/2025 13:36
2025-03-12T16:08:25.567468+07:00,Vàng 750 (18K),"6,800","7,050",Cập nhật ngày: 12/03/2025 13:36
2025-03-12T16:08:25.582678+07:00,Vàng 585 (14K),"5,252","5,502",Cập nhật ngày: 12/03/2025 13:36
2025-03-12T16:08:25.598144+07:00,Vàng 416 (10K),"3,667","3,917",Cập nhật ngày: 12/03/2025 13:36
2025-03-12T16:08:25.613973+07:00,Vàng PNJ - Phượng Hoàng,"9,230","9,390",Cập nhật ngày: 12/03/2025 13:36
2025-03-12T16:08:25.628786+07:00,Vàng 916 (22K),"8,352","8,602",Cập nhật ngày: 12/03/2025 13:36
2025-03-12T16:08:25.643543+07:00,Vàng 610 (14.6K),"5,487","5,737",Cập nhật ngày: 12/03/2025 13:36
2025-03-12T16:08:25.657747+07:00,Vàng 650 (15.6K),"5,862","6,112",Cập nhật ngày: 12/03/2025 13:36
2025-03-12T16:08:25.671490+07:00,Vàng 680 (16.3K),"6,143","6,393",Cập nhật ngày: 12/03/2025 13:36
2025-03-12T16:08:25.686440+07:00,Vàng 375 (9K),"3,283","3,533",Cập nhật ngày: 12/03/2025 13:36
2025-03-12T16:08:25.701193+07:00,Vàng 333 (8K),"2,860","3,110",Cập nhật ngày: 12/03/2025 13:36
2025-03-13T11:09:55.533699+07:00,Vàng miếng SJC 999.9,"9,290","9,440",Cập nhật ngày: 13/03/2025 10:58
2025-03-13T11:09:55.549159+07:00,Nhẫn Trơn PNJ 999.9,"9,330","9,480",Cập nhật ngày: 13/03/2025 10:58
2025-03-13T11:09:55.565489+07:00,Vàng Kim Bảo 999.9,"9,330","9,480",Cập nhật ngày: 13/03/2025 10:58
2025-03-13T11:09:55.584144+07:00,Vàng Phúc Lộc Tài 999.9,"9,330","9,480",Cập nhật ngày: 13/03/2025 10:58
2025-03-13T11:09:55.602016+07:00,Vàng nữ trang 999.9,"9,220","9,470",Cập nhật ngày: 13/03/2025 10:58
2025-03-13T11:09:55.620129+07:00,Vàng nữ trang 999,"9,211","9,461",Cập nhật ngày: 13/03/2025 10:58
2025-03-13T11:09:55.637237+07:00,Vàng nữ trang 9920,"9,154","9,404",Cập nhật ngày: 13/03/2025 10:58
2025-03-13T11:09:55.652849+07:00,Vàng nữ trang 99,"9,135","9,385",Cập nhật ngày: 13/03/2025 10:58
2025-03-13T11:09:55.667192+07:00,Vàng 750 (18K),"6,868","7,118",Cập nhật ngày: 13/03/2025 10:58
2025-03-13T11:09:55.684409+07:00,Vàng 585 (14K),"5,305","5,555",Cập nhật ngày: 13/03/2025 10:58
2025-03-13T11:09:55.699437+07:00,Vàng 416 (10K),"3,705","3,955",Cập nhật ngày: 13/03/2025 10:58
2025-03-13T11:09:55.715115+07:00,Vàng PNJ - Phượng Hoàng,"9,330","9,480",Cập nhật ngày: 13/03/2025 10:58
2025-03-13T11:09:55.729937+07:00,Vàng 916 (22K),"8,435","8,685",Cập nhật ngày: 13/03/2025 10:58
2025-03-13T11:09:55.744471+07:00,Vàng 610 (14.6K),"5,542","5,792",Cập nhật ngày: 13/03/2025 10:58
2025-03-13T11:09:55.773910+07:00,Vàng 650 (15.6K),"5,921","6,171",Cập nhật ngày: 13/03/2025 10:58
2025-03-13T11:09:55.813181+07:00,Vàng 680 (16.3K),"6,205","6,455",Cập nhật ngày: 13/03/2025 10:58
2025-03-13T11:09:55.828563+07:00,Vàng 375 (9K),"3,316","3,566",Cập nhật ngày: 13/03/2025 10:58
2025-03-13T11:09:55.843699+07:00,Vàng 333 (8K),"2,890","3,140",Cập nhật ngày: 13/03/2025 10:58
2025-03-13T20:29:08.847778+07:00,Vàng miếng SJC 999.9,"9,290","9,440",Cập nhật ngày: 13/03/2025 10:58
2025-03-13T20:29:08.864891+07:00,Nhẫn Trơn PNJ 999.9,"9,330","9,480",Cập nhật ngày: 13/03/2025 10:58
2025-03-13T20:29:08.880964+07:00,Vàng Kim Bảo 999.9,"9,330","9,480",Cập nhật ngày: 13/03/2025 10:58
2025-03-13T20:29:08.899377+07:00,Vàng Phúc Lộc Tài 999.9,"9,330","9,480",Cập nhật ngày: 13/03/2025 10:58
2025-03-13T20:29:08.916748+07:00,Vàng nữ trang 999.9,"9,220","9,470",Cập nhật ngày: 13/03/2025 10:58
2025-03-13T20:29:08.934076+07:00,Vàng nữ trang 999,"9,211","9,461",Cập nhật ngày: 13/03/2025 10:58
2025-03-13T20:29:08.952469+07:00,Vàng nữ trang 9920,"9,154","9,404",Cập nhật ngày: 13/03/2025 10:58
2025-03-13T20:29:08.967959+07:00,Vàng nữ trang 99,"9,135","9,385",Cập nhật ngày: 13/03/2025 10:58
2025-03-13T20:29:08.983038+07:00,Vàng 750 (18K),"6,868","7,118",Cập nhật ngày: 13/03/2025 10:58
2025-03-13T20:29:08.999148+07:00,Vàng 585 (14K),"5,305","5,555",Cập nhật ngày: 13/03/2025 10:58
2025-03-13T20:29:09.014644+07:00,Vàng 416 (10K),"3,705","3,955",Cập nhật ngày: 13/03/2025 10:58
2025-03-13T20:29:09.030317+07:00,Vàng PNJ - Phượng Hoàng,"9,330","9,480",Cập nhật ngày: 13/03/2025 10:58
2025-03-13T20:29:09.045592+07:00,Vàng 916 (22K),"8,435","8,685",Cập nhật ngày: 13/03/2025 10:58
2025-03-13T20:29:09.060296+07:00,Vàng 610 (14.6K),"5,542","5,792",Cập nhật ngày: 13/03/2025 10:58
2025-03-13T20:29:09.074916+07:00,Vàng 650 (15.6K),"5,921","6,171",Cập nhật ngày: 13/03/2025 10:58
2025-03-13T20:29:09.088973+07:00,Vàng 680 (16.3K),"6,205","6,455",Cập nhật ngày: 13/03/2025 10:58
2025-03-13T20:29:09.103728+07:00,Vàng 375 (9K),"3,316","3,566",Cập nhật ngày: 13/03/2025 10:58
2025-03-13T20:29:09.120642+07:00,Vàng 333 (8K),"2,890","3,140",Cập nhật ngày: 13/03/2025 10:58
